Date,Open,High,Low,Close,Adj Close,Volume
2019-06-05,1830.000000,1830.000000,1830.000000,1830.000000,1830.000000,0
2019-06-06,1830.000000,1830.000000,1830.000000,1830.000000,1830.000000,0
2019-06-07,1830.000000,1830.000000,1830.000000,1830.000000,1830.000000,0
2019-06-10,1830.000000,1830.000000,1790.000000,1790.000000,1790.000000,5000
2019-06-11,1780.000000,1780.000000,1780.000000,1780.000000,1780.000000,1800
2019-06-12,1780.000000,1780.000000,1780.000000,1780.000000,1780.000000,500
2019-06-13,1740.000000,1740.000000,1740.000000,1740.000000,1740.000000,500
2019-06-14,1755.000000,1800.000000,1755.000000,1800.000000,1800.000000,2700
2019-06-17,1790.000000,1790.000000,1790.000000,1790.000000,1790.000000,1100
2019-06-18,1790.000000,1790.000000,1790.000000,1790.000000,1790.000000,100
2019-06-19,null,null,null,null,null,null
2019-06-20,1790.000000,1790.000000,1750.000000,1750.000000,1750.000000,1700
2019-06-21,1730.000000,1750.000000,1730.000000,1750.000000,1750.000000,500
2019-06-24,1750.000000,1750.000000,1750.000000,1750.000000,1750.000000,1200
2019-06-25,1745.000000,1745.000000,1730.000000,1730.000000,1730.000000,2000
2019-06-26,1730.000000,1760.000000,1730.000000,1760.000000,1760.000000,9000
2019-06-27,1750.000000,1750.000000,1730.000000,1740.000000,1740.000000,4700
2019-06-28,1740.000000,1745.000000,1740.000000,1745.000000,1745.000000,8900
2019-07-01,1745.000000,1745.000000,1745.000000,1745.000000,1745.000000,0
2019-07-02,1750.000000,1750.000000,1750.000000,1750.000000,1750.000000,5400
2019-07-03,1795.000000,1795.000000,1795.000000,1795.000000,1795.000000,200
2019-07-04,1795.000000,1800.000000,1795.000000,1800.000000,1800.000000,13300
2019-07-05,1800.000000,1810.000000,1800.000000,1800.000000,1800.000000,1100
2019-07-08,1800.000000,1800.000000,1700.000000,1700.000000,1700.000000,900
2019-07-09,1710.000000,1710.000000,1710.000000,1710.000000,1710.000000,1500
2019-07-10,1740.000000,1740.000000,1740.000000,1740.000000,1740.000000,600
2019-07-11,1740.000000,1740.000000,1740.000000,1740.000000,1740.000000,0
2019-07-12,1740.000000,1740.000000,1740.000000,1740.000000,1740.000000,100
2019-07-15,1740.000000,1740.000000,1740.000000,1740.000000,1740.000000,0
2019-07-16,1810.000000,1875.000000,1810.000000,1840.000000,1840.000000,4600
2019-07-17,1800.000000,1800.000000,1800.000000,1800.000000,1800.000000,400
2019-07-18,1750.000000,1750.000000,1720.000000,1730.000000,1730.000000,19300
2019-07-19,1735.000000,1735.000000,1710.000000,1725.000000,1725.000000,7800
2019-07-22,1730.000000,1730.000000,1730.000000,1730.000000,1730.000000,500
2019-07-23,1710.000000,1800.000000,1710.000000,1800.000000,1800.000000,11300
2019-07-24,1790.000000,1800.000000,1790.000000,1800.000000,1800.000000,2500
2019-07-25,1800.000000,1800.000000,1795.000000,1795.000000,1795.000000,800
2019-07-26,1795.000000,1795.000000,1795.000000,1795.000000,1795.000000,0
2019-07-29,1785.000000,1785.000000,1785.000000,1785.000000,1785.000000,1200
2019-07-30,1785.000000,1785.000000,1785.000000,1785.000000,1785.000000,0
2019-07-31,1785.000000,1785.000000,1785.000000,1785.000000,1785.000000,2800
2019-08-01,1780.000000,1780.000000,1780.000000,1780.000000,1780.000000,300
2019-08-02,1780.000000,1780.000000,1700.000000,1700.000000,1700.000000,12900
2019-08-05,1705.000000,1750.000000,1705.000000,1720.000000,1720.000000,22900
2019-08-06,1710.000000,1710.000000,1710.000000,1710.000000,1710.000000,6300
2019-08-07,1715.000000,1715.000000,1705.000000,1710.000000,1710.000000,8700
2019-08-08,1710.000000,1710.000000,1710.000000,1710.000000,1710.000000,100
2019-08-09,1715.000000,1715.000000,1710.000000,1710.000000,1710.000000,15300
2019-08-12,1710.000000,1710.000000,1710.000000,1710.000000,1710.000000,0
2019-08-13,1720.000000,1720.000000,1720.000000,1720.000000,1720.000000,100
2019-08-14,1710.000000,1710.000000,1700.000000,1700.000000,1700.000000,900
2019-08-15,1700.000000,1700.000000,1700.000000,1700.000000,1700.000000,0
2019-08-16,1700.000000,1700.000000,1700.000000,1700.000000,1700.000000,0
2019-08-19,1710.000000,1710.000000,1705.000000,1705.000000,1705.000000,700
2019-08-20,1705.000000,1755.000000,1705.000000,1750.000000,1750.000000,62200
2019-08-21,1745.000000,1750.000000,1745.000000,1750.000000,1750.000000,6200
2019-08-22,1750.000000,1750.000000,1750.000000,1750.000000,1750.000000,0
2019-08-23,1750.000000,1750.000000,1750.000000,1750.000000,1750.000000,300
2019-08-26,1750.000000,1750.000000,1750.000000,1750.000000,1750.000000,0
2019-08-27,1700.000000,1705.000000,1700.000000,1700.000000,1700.000000,93200
2019-08-28,1700.000000,1700.000000,1700.000000,1700.000000,1700.000000,2100
2019-08-29,1750.000000,1750.000000,1750.000000,1750.000000,1750.000000,1500
2019-08-30,1750.000000,1750.000000,1750.000000,1750.000000,1750.000000,300
2019-09-02,1750.000000,1750.000000,1705.000000,1705.000000,1705.000000,1900
2019-09-03,1750.000000,1750.000000,1745.000000,1745.000000,1745.000000,800
2019-09-04,1750.000000,1750.000000,1750.000000,1750.000000,1750.000000,7500
2019-09-05,1745.000000,1745.000000,1745.000000,1745.000000,1745.000000,1600
2019-09-06,1745.000000,1745.000000,1745.000000,1745.000000,1745.000000,0
2019-09-09,1750.000000,1750.000000,1745.000000,1745.000000,1745.000000,5600
2019-09-10,1750.000000,1750.000000,1750.000000,1750.000000,1750.000000,300
2019-09-11,1750.000000,1750.000000,1750.000000,1750.000000,1750.000000,6100
2019-09-12,1750.000000,1750.000000,1750.000000,1750.000000,1750.000000,0
2019-09-13,1740.000000,1740.000000,1730.000000,1730.000000,1730.000000,17300
2019-09-16,1730.000000,1730.000000,1730.000000,1730.000000,1730.000000,800
2019-09-17,1730.000000,1730.000000,1730.000000,1730.000000,1730.000000,0
2019-09-18,1735.000000,1735.000000,1735.000000,1735.000000,1735.000000,3900
2019-09-19,1730.000000,1730.000000,1730.000000,1730.000000,1730.000000,300
2019-09-20,1730.000000,1780.000000,1730.000000,1780.000000,1780.000000,2500
2019-09-23,1780.000000,1780.000000,1775.000000,1775.000000,1775.000000,400
2019-09-24,1775.000000,1775.000000,1750.000000,1750.000000,1750.000000,400
2019-09-25,1750.000000,1750.000000,1725.000000,1725.000000,1725.000000,5700
2019-09-26,1730.000000,1730.000000,1725.000000,1725.000000,1725.000000,1700
2019-09-27,1775.000000,1775.000000,1775.000000,1775.000000,1775.000000,100
2019-09-30,1775.000000,1775.000000,1770.000000,1770.000000,1770.000000,500
2019-10-01,1750.000000,1750.000000,1750.000000,1750.000000,1750.000000,300
2019-10-02,1750.000000,1750.000000,1750.000000,1750.000000,1750.000000,0
2019-10-03,1750.000000,1750.000000,1750.000000,1750.000000,1750.000000,0
2019-10-04,1750.000000,1750.000000,1750.000000,1750.000000,1750.000000,400
2019-10-07,1750.000000,1750.000000,1750.000000,1750.000000,1750.000000,0
2019-10-08,1750.000000,1750.000000,1750.000000,1750.000000,1750.000000,100
2019-10-09,1750.000000,1770.000000,1750.000000,1770.000000,1770.000000,1400
2019-10-10,1770.000000,1780.000000,1770.000000,1780.000000,1780.000000,200
2019-10-11,1780.000000,1780.000000,1780.000000,1780.000000,1780.000000,0
2019-10-14,1700.000000,1730.000000,1700.000000,1730.000000,1730.000000,500
2019-10-15,1735.000000,1735.000000,1735.000000,1735.000000,1735.000000,400
2019-10-16,1730.000000,1730.000000,1730.000000,1730.000000,1730.000000,400
2019-10-17,1730.000000,1730.000000,1730.000000,1730.000000,1730.000000,0
2019-10-18,1735.000000,1735.000000,1735.000000,1735.000000,1735.000000,100
2019-10-21,1730.000000,1780.000000,1730.000000,1730.000000,1730.000000,1000
2019-10-22,1740.000000,1740.000000,1740.000000,1740.000000,1740.000000,300
2019-10-23,1740.000000,1795.000000,1740.000000,1795.000000,1795.000000,200
2019-10-24,1750.000000,1750.000000,1730.000000,1730.000000,1730.000000,200
2019-10-25,1730.000000,1740.000000,1730.000000,1740.000000,1740.000000,500
2019-10-28,1740.000000,1750.000000,1730.000000,1730.000000,1730.000000,3200
2019-10-29,1740.000000,1740.000000,1725.000000,1730.000000,1730.000000,97900
2019-10-30,1730.000000,1730.000000,1730.000000,1730.000000,1730.000000,88800
2019-10-31,1730.000000,1730.000000,1730.000000,1730.000000,1730.000000,100
2019-11-01,1730.000000,1730.000000,1720.000000,1720.000000,1720.000000,300
2019-11-04,1750.000000,1750.000000,1740.000000,1740.000000,1740.000000,1200
2019-11-05,1740.000000,1740.000000,1740.000000,1740.000000,1740.000000,300
2019-11-06,1740.000000,1740.000000,1740.000000,1740.000000,1740.000000,100
2019-11-07,1740.000000,1740.000000,1740.000000,1740.000000,1740.000000,2600
2019-11-08,1740.000000,1740.000000,1740.000000,1740.000000,1740.000000,0
2019-11-11,1740.000000,1750.000000,1740.000000,1750.000000,1750.000000,1200
2019-11-12,1750.000000,1750.000000,1750.000000,1750.000000,1750.000000,0
2019-11-13,1750.000000,1750.000000,1750.000000,1750.000000,1750.000000,0
2019-11-14,1750.000000,1750.000000,1750.000000,1750.000000,1750.000000,300
2019-11-15,1745.000000,1745.000000,1745.000000,1745.000000,1745.000000,100
2019-11-18,1745.000000,1745.000000,1745.000000,1745.000000,1745.000000,0
2019-11-19,1745.000000,1745.000000,1745.000000,1745.000000,1745.000000,100
2019-11-20,1745.000000,1745.000000,1745.000000,1745.000000,1745.000000,0
2019-11-21,1745.000000,1745.000000,1745.000000,1745.000000,1745.000000,100
2019-11-22,1745.000000,1745.000000,1690.000000,1690.000000,1690.000000,400
2019-11-25,1690.000000,1690.000000,1690.000000,1690.000000,1690.000000,0
2019-11-26,1700.000000,1725.000000,1690.000000,1725.000000,1725.000000,600
2019-11-27,1680.000000,1725.000000,1680.000000,1725.000000,1725.000000,6000
2019-11-28,1725.000000,1725.000000,1725.000000,1725.000000,1725.000000,0
2019-11-29,1725.000000,1725.000000,1725.000000,1725.000000,1725.000000,0
2019-12-02,1725.000000,1725.000000,1725.000000,1725.000000,1725.000000,0
2019-12-03,1700.000000,1720.000000,1680.000000,1680.000000,1680.000000,2300
2019-12-04,1700.000000,1700.000000,1700.000000,1700.000000,1700.000000,100
2019-12-05,1700.000000,1700.000000,1700.000000,1700.000000,1700.000000,100
2019-12-06,1700.000000,1700.000000,1700.000000,1700.000000,1700.000000,0
2019-12-09,1700.000000,1700.000000,1700.000000,1700.000000,1700.000000,1200
2019-12-10,1690.000000,1690.000000,1690.000000,1690.000000,1690.000000,900
2019-12-11,1690.000000,1690.000000,1690.000000,1690.000000,1690.000000,0
2019-12-12,1690.000000,1690.000000,1680.000000,1680.000000,1680.000000,1800
2019-12-13,1680.000000,1680.000000,1680.000000,1680.000000,1680.000000,200
2019-12-16,1680.000000,1680.000000,1680.000000,1680.000000,1680.000000,11700
2019-12-17,1680.000000,1680.000000,1680.000000,1680.000000,1680.000000,0
2019-12-18,1690.000000,1690.000000,1690.000000,1690.000000,1690.000000,1500
2019-12-19,1690.000000,1690.000000,1690.000000,1690.000000,1690.000000,1300
2019-12-20,1695.000000,1695.000000,1680.000000,1680.000000,1680.000000,1900
2019-12-23,1680.000000,1680.000000,1680.000000,1680.000000,1680.000000,0
2019-12-26,1680.000000,1680.000000,1680.000000,1680.000000,1680.000000,200
2019-12-27,1680.000000,1685.000000,1680.000000,1685.000000,1685.000000,700
2019-12-30,1680.000000,1700.000000,1680.000000,1690.000000,1690.000000,1400
2020-01-02,1700.000000,1700.000000,1665.000000,1665.000000,1665.000000,10600
2020-01-03,1665.000000,1665.000000,1665.000000,1665.000000,1665.000000,0
2020-01-06,1665.000000,1665.000000,1665.000000,1665.000000,1665.000000,600
2020-01-07,1665.000000,1665.000000,1665.000000,1665.000000,1665.000000,200
2020-01-08,1620.000000,1665.000000,1620.000000,1665.000000,1665.000000,4900
2020-01-09,1665.000000,1665.000000,1665.000000,1665.000000,1665.000000,2500
2020-01-10,1700.000000,1700.000000,1660.000000,1660.000000,1660.000000,300
2020-01-13,1660.000000,1660.000000,1660.000000,1660.000000,1660.000000,100
2020-01-14,1660.000000,1660.000000,1660.000000,1660.000000,1660.000000,0
2020-01-15,1660.000000,1660.000000,1660.000000,1660.000000,1660.000000,0
2020-01-16,1660.000000,1660.000000,1660.000000,1660.000000,1660.000000,300
2020-01-17,1660.000000,1660.000000,1610.000000,1610.000000,1610.000000,31400
2020-01-20,1655.000000,1690.000000,1625.000000,1625.000000,1625.000000,6400
2020-01-21,1610.000000,1610.000000,1610.000000,1610.000000,1610.000000,400
2020-01-22,1610.000000,1610.000000,1610.000000,1610.000000,1610.000000,6000
2020-01-23,1610.000000,1610.000000,1610.000000,1610.000000,1610.000000,100
2020-01-24,1660.000000,1680.000000,1660.000000,1680.000000,1680.000000,200
2020-01-27,1680.000000,1680.000000,1680.000000,1680.000000,1680.000000,0
2020-01-28,1680.000000,1680.000000,1680.000000,1680.000000,1680.000000,0
2020-01-29,1640.000000,1640.000000,1640.000000,1640.000000,1640.000000,100
2020-01-30,1640.000000,1640.000000,1640.000000,1640.000000,1640.000000,0
2020-01-31,1640.000000,1640.000000,1640.000000,1640.000000,1640.000000,0
2020-02-03,1680.000000,1680.000000,1680.000000,1680.000000,1680.000000,100
2020-02-04,1680.000000,1680.000000,1680.000000,1680.000000,1680.000000,0
2020-02-05,1680.000000,1680.000000,1680.000000,1680.000000,1680.000000,0
2020-02-06,1605.000000,1605.000000,1600.000000,1600.000000,1600.000000,12000
2020-02-07,1600.000000,1600.000000,1575.000000,1575.000000,1575.000000,2000
2020-02-10,1600.000000,1600.000000,1595.000000,1595.000000,1595.000000,500
2020-02-11,1595.000000,1595.000000,1595.000000,1595.000000,1595.000000,0
2020-02-12,1600.000000,1600.000000,1505.000000,1550.000000,1550.000000,4700
2020-02-13,1550.000000,1550.000000,1550.000000,1550.000000,1550.000000,0
2020-02-14,1550.000000,1550.000000,1550.000000,1550.000000,1550.000000,0
2020-02-17,1550.000000,1550.000000,1550.000000,1550.000000,1550.000000,300
2020-02-18,1550.000000,1550.000000,1550.000000,1550.000000,1550.000000,200
2020-02-19,1550.000000,1550.000000,1550.000000,1550.000000,1550.000000,100
2020-02-20,1550.000000,1550.000000,1550.000000,1550.000000,1550.000000,0
2020-02-21,1550.000000,1550.000000,1550.000000,1550.000000,1550.000000,100
2020-02-24,1545.000000,1545.000000,1545.000000,1545.000000,1545.000000,1000
2020-02-25,1510.000000,1510.000000,1505.000000,1505.000000,1505.000000,300
2020-02-26,1505.000000,1505.000000,1505.000000,1505.000000,1505.000000,300
2020-02-27,1500.000000,1500.000000,1450.000000,1500.000000,1500.000000,30000
2020-02-28,1500.000000,1500.000000,1500.000000,1500.000000,1500.000000,700
2020-03-02,1500.000000,1500.000000,1500.000000,1500.000000,1500.000000,500
2020-03-03,1500.000000,1500.000000,1500.000000,1500.000000,1500.000000,500
2020-03-04,1500.000000,1500.000000,1500.000000,1500.000000,1500.000000,2300
2020-03-05,1500.000000,1500.000000,1500.000000,1500.000000,1500.000000,600
2020-03-06,1495.000000,1500.000000,1450.000000,1500.000000,1500.000000,6700
2020-03-09,1500.000000,1500.000000,1500.000000,1500.000000,1500.000000,0
2020-03-10,1500.000000,1780.000000,1495.000000,1780.000000,1780.000000,10900
2020-03-11,1700.000000,1700.000000,1605.000000,1605.000000,1605.000000,12400
2020-03-12,1605.000000,1605.000000,1605.000000,1605.000000,1605.000000,0
2020-03-13,1605.000000,1605.000000,1605.000000,1605.000000,1605.000000,0
2020-03-16,1605.000000,1605.000000,1605.000000,1605.000000,1605.000000,0
2020-03-17,1590.000000,1590.000000,1590.000000,1590.000000,1590.000000,100
2020-03-18,1605.000000,1605.000000,1605.000000,1605.000000,1605.000000,700
2020-03-19,1585.000000,1585.000000,1585.000000,1585.000000,1585.000000,200
2020-03-20,1580.000000,1580.000000,1500.000000,1500.000000,1500.000000,400
2020-03-23,1490.000000,1490.000000,1395.000000,1395.000000,1395.000000,900
2020-03-24,1380.000000,1380.000000,1300.000000,1300.000000,1300.000000,2200
2020-03-26,1300.000000,1300.000000,1300.000000,1300.000000,1300.000000,0
2020-03-27,1300.000000,1450.000000,1300.000000,1450.000000,1450.000000,1800
2020-03-30,1450.000000,1450.000000,1450.000000,1450.000000,1450.000000,0
2020-03-31,1450.000000,1450.000000,1450.000000,1450.000000,1450.000000,0
2020-04-01,1400.000000,1400.000000,1400.000000,1400.000000,1400.000000,200
2020-04-02,1400.000000,1400.000000,1400.000000,1400.000000,1400.000000,0
2020-04-03,1450.000000,1650.000000,1450.000000,1650.000000,1650.000000,500
2020-04-06,1595.000000,1600.000000,1550.000000,1550.000000,1550.000000,5500
2020-04-07,1540.000000,1540.000000,1540.000000,1540.000000,1540.000000,200
2020-04-08,1500.000000,1500.000000,1450.000000,1450.000000,1450.000000,200
2020-04-09,1450.000000,1450.000000,1450.000000,1450.000000,1450.000000,0
2020-04-13,1400.000000,1500.000000,1350.000000,1450.000000,1450.000000,5700
2020-04-14,1440.000000,1450.000000,1440.000000,1450.000000,1450.000000,1000
2020-04-15,1450.000000,1450.000000,1390.000000,1390.000000,1390.000000,900
2020-04-16,1375.000000,1375.000000,1330.000000,1350.000000,1350.000000,500
2020-04-17,1400.000000,1400.000000,1400.000000,1400.000000,1400.000000,6500
2020-04-20,1400.000000,1400.000000,1355.000000,1355.000000,1355.000000,2200
2020-04-21,1355.000000,1355.000000,1355.000000,1355.000000,1355.000000,0
2020-04-22,1355.000000,1690.000000,1355.000000,1690.000000,1690.000000,2400
2020-04-23,1690.000000,1690.000000,1690.000000,1690.000000,1690.000000,0
2020-04-24,1690.000000,1690.000000,1690.000000,1690.000000,1690.000000,0
2020-04-27,1690.000000,1690.000000,1575.000000,1575.000000,1575.000000,10500
2020-04-28,1575.000000,1575.000000,1565.000000,1565.000000,1565.000000,600
2020-04-29,1565.000000,1565.000000,1565.000000,1565.000000,1565.000000,1200
2020-04-30,1565.000000,1565.000000,1565.000000,1565.000000,1565.000000,1300
2020-05-04,1550.000000,1550.000000,1500.000000,1500.000000,1500.000000,600
2020-05-05,1500.000000,1500.000000,1500.000000,1500.000000,1500.000000,3600
2020-05-06,1500.000000,1650.000000,1500.000000,1630.000000,1630.000000,800
2020-05-08,1680.000000,1680.000000,1680.000000,1680.000000,1680.000000,100
2020-05-11,1680.000000,1680.000000,1680.000000,1680.000000,1680.000000,0
2020-05-12,1680.000000,1680.000000,1680.000000,1680.000000,1680.000000,0
2020-05-13,1680.000000,1680.000000,1565.000000,1565.000000,1565.000000,1400
2020-05-14,1565.000000,1565.000000,1565.000000,1565.000000,1565.000000,0
2020-05-15,1615.000000,1665.000000,1615.000000,1660.000000,1660.000000,700
2020-05-18,1660.000000,1660.000000,1660.000000,1660.000000,1660.000000,100
2020-05-19,1660.000000,1660.000000,1660.000000,1660.000000,1660.000000,100
2020-05-20,1570.000000,1695.000000,1545.000000,1695.000000,1695.000000,4800
2020-05-26,1695.000000,1695.000000,1690.000000,1690.000000,1690.000000,2800
2020-05-27,1685.000000,1685.000000,1680.000000,1680.000000,1680.000000,400
2020-05-28,1585.000000,1585.000000,1565.000000,1565.000000,1565.000000,6400
2020-05-29,1565.000000,1565.000000,1560.000000,1560.000000,1560.000000,1800
2020-06-02,1500.000000,1500.000000,1500.000000,1500.000000,1500.000000,400
2020-06-03,1500.000000,1500.000000,1500.000000,1500.000000,1500.000000,100
2020-06-04,1500.000000,1500.000000,1500.000000,1500.000000,1500.000000,0
2020-06-05,1500.000000,1500.000000,1500.000000,1500.000000,1500.000000,1400
2020-06-08,1505.000000,1505.000000,1500.000000,1500.000000,1500.000000,700
2020-06-09,1500.000000,1550.000000,1500.000000,1550.000000,1550.000000,5400
2020-06-10,1550.000000,1550.000000,1550.000000,1550.000000,1550.000000,0
2020-06-11,1550.000000,1550.000000,1550.000000,1550.000000,1550.000000,0
2020-06-12,1550.000000,1550.000000,1550.000000,1550.000000,1550.000000,0
2020-06-15,1550.000000,1550.000000,1550.000000,1550.000000,1550.000000,300
2020-06-16,1550.000000,1550.000000,1550.000000,1550.000000,1550.000000,200
2020-06-17,1550.000000,1550.000000,1550.000000,1550.000000,1550.000000,0
2020-06-18,1500.000000,1500.000000,1450.000000,1450.000000,1450.000000,1400
2020-06-19,1450.000000,1690.000000,1450.000000,1650.000000,1650.000000,3000
2020-06-22,1605.000000,1605.000000,1605.000000,1605.000000,1605.000000,100
2020-06-23,1605.000000,1605.000000,1605.000000,1605.000000,1605.000000,0
2020-06-24,1605.000000,1605.000000,1605.000000,1605.000000,1605.000000,100
2020-06-25,1605.000000,1605.000000,1605.000000,1605.000000,1605.000000,0
2020-06-26,1605.000000,1605.000000,1605.000000,1605.000000,1605.000000,0
2020-06-29,1595.000000,1605.000000,1595.000000,1605.000000,1605.000000,5600
2020-06-30,1600.000000,1600.000000,1600.000000,1600.000000,1600.000000,100
2020-07-01,1600.000000,1600.000000,1600.000000,1600.000000,1600.000000,0
2020-07-02,1600.000000,1600.000000,1600.000000,1600.000000,1600.000000,0
2020-07-03,1500.000000,1500.000000,1500.000000,1500.000000,1500.000000,26000
2020-07-06,1500.000000,1500.000000,1475.000000,1475.000000,1475.000000,6600
2020-07-07,1475.000000,1500.000000,1475.000000,1500.000000,1500.000000,3200
2020-07-08,1500.000000,1500.000000,1500.000000,1500.000000,1500.000000,0
2020-07-09,1450.000000,1495.000000,1440.000000,1495.000000,1495.000000,1300
2020-07-10,1495.000000,1500.000000,1495.000000,1500.000000,1500.000000,1200
2020-07-13,1500.000000,1500.000000,1500.000000,1500.000000,1500.000000,0
2020-07-14,1450.000000,1450.000000,1450.000000,1450.000000,1450.000000,1700
2020-07-15,1455.000000,1455.000000,1455.000000,1455.000000,1455.000000,800
2020-07-16,1455.000000,1465.000000,1455.000000,1465.000000,1465.000000,600
2020-07-17,1465.000000,1465.000000,1465.000000,1465.000000,1465.000000,0
2020-07-20,1465.000000,1465.000000,1465.000000,1465.000000,1465.000000,1200
2020-07-21,1450.000000,1450.000000,1400.000000,1400.000000,1400.000000,48000
2020-07-22,1400.000000,1400.000000,1400.000000,1400.000000,1400.000000,700
2020-07-23,1400.000000,1400.000000,1400.000000,1400.000000,1400.000000,0
2020-07-24,1400.000000,1400.000000,1305.000000,1315.000000,1315.000000,12000
2020-07-27,1310.000000,1310.000000,1310.000000,1310.000000,1310.000000,200
2020-07-28,1320.000000,1325.000000,1305.000000,1305.000000,1305.000000,23500
2020-07-29,1320.000000,1320.000000,1310.000000,1310.000000,1310.000000,900
2020-07-30,1310.000000,1350.000000,1310.000000,1345.000000,1345.000000,8400
2020-08-03,1345.000000,1345.000000,1340.000000,1340.000000,1340.000000,200
2020-08-04,1390.000000,1490.000000,1390.000000,1460.000000,1460.000000,900
2020-08-05,1375.000000,1375.000000,1375.000000,1375.000000,1375.000000,2500
2020-08-06,1350.000000,1350.000000,1280.000000,1280.000000,1280.000000,33600
2020-08-07,1330.000000,1480.000000,1310.000000,1310.000000,1310.000000,1100
2020-08-10,1310.000000,1310.000000,1310.000000,1310.000000,1310.000000,2400
2020-08-11,1260.000000,1260.000000,1225.000000,1230.000000,1230.000000,1000
2020-08-12,1230.000000,1340.000000,1230.000000,1340.000000,1340.000000,5100
2020-08-13,1340.000000,1340.000000,1340.000000,1340.000000,1340.000000,0
2020-08-14,1340.000000,1340.000000,1300.000000,1340.000000,1340.000000,1800
2020-08-18,1340.000000,1470.000000,1300.000000,1470.000000,1470.000000,2200
2020-08-19,1465.000000,1465.000000,1370.000000,1370.000000,1370.000000,66000
2020-08-24,1370.000000,1370.000000,1365.000000,1370.000000,1370.000000,2300
2020-08-25,1370.000000,1370.000000,1370.000000,1370.000000,1370.000000,100
2020-08-26,1420.000000,1420.000000,1420.000000,1420.000000,1420.000000,2500
2020-08-27,1420.000000,1420.000000,1325.000000,1325.000000,1325.000000,5400
2020-08-28,1325.000000,1325.000000,1310.000000,1310.000000,1310.000000,25500
2020-08-31,1310.000000,1310.000000,1300.000000,1300.000000,1300.000000,9100
2020-09-01,1300.000000,1300.000000,1300.000000,1300.000000,1300.000000,1100
2020-09-02,1300.000000,1300.000000,1300.000000,1300.000000,1300.000000,100
2020-09-03,1275.000000,1275.000000,1275.000000,1275.000000,1275.000000,800
2020-09-04,1275.000000,1275.000000,1275.000000,1275.000000,1275.000000,0
2020-09-07,1275.000000,1275.000000,1275.000000,1275.000000,1275.000000,100
2020-09-08,1275.000000,1275.000000,1275.000000,1275.000000,1275.000000,17400
2020-09-09,1290.000000,1290.000000,1290.000000,1290.000000,1290.000000,1400
2020-09-10,1205.000000,1230.000000,1200.000000,1200.000000,1200.000000,34200
2020-09-11,1200.000000,1200.000000,1150.000000,1195.000000,1195.000000,7400
2020-09-14,1195.000000,1250.000000,1195.000000,1250.000000,1250.000000,4600
2020-09-15,1200.000000,1430.000000,1200.000000,1320.000000,1320.000000,4700
2020-09-16,1320.000000,1320.000000,1320.000000,1320.000000,1320.000000,0
2020-09-17,1250.000000,1250.000000,1250.000000,1250.000000,1250.000000,7300
2020-09-18,1200.000000,1220.000000,1190.000000,1220.000000,1220.000000,600
2020-09-21,1275.000000,1275.000000,1235.000000,1235.000000,1235.000000,200
2020-09-22,1230.000000,1235.000000,1230.000000,1235.000000,1235.000000,200
2020-09-23,1235.000000,1235.000000,1205.000000,1205.000000,1205.000000,600
2020-09-24,1200.000000,1200.000000,1200.000000,1200.000000,1200.000000,500
2020-09-25,1200.000000,1200.000000,1200.000000,1200.000000,1200.000000,200
2020-09-28,1250.000000,1250.000000,1250.000000,1250.000000,1250.000000,100
2020-09-29,1165.000000,1165.000000,1165.000000,1165.000000,1165.000000,100
2020-09-30,1165.000000,1165.000000,1165.000000,1165.000000,1165.000000,0
2020-10-01,1170.000000,1170.000000,1170.000000,1170.000000,1170.000000,600
2020-10-02,1170.000000,1170.000000,1170.000000,1170.000000,1170.000000,100
2020-10-05,1170.000000,1170.000000,1170.000000,1170.000000,1170.000000,500
2020-10-06,1170.000000,1170.000000,1170.000000,1170.000000,1170.000000,0
2020-10-07,1170.000000,1170.000000,1170.000000,1170.000000,1170.000000,0
2020-10-08,1175.000000,1175.000000,1175.000000,1175.000000,1175.000000,500
2020-10-09,1215.000000,1380.000000,1215.000000,1350.000000,1350.000000,700
2020-10-12,1350.000000,1350.000000,1350.000000,1350.000000,1350.000000,10600
2020-10-13,1350.000000,1350.000000,1350.000000,1350.000000,1350.000000,15000
2020-10-14,1350.000000,1350.000000,1260.000000,1260.000000,1260.000000,3900
2020-10-15,1260.000000,1260.000000,1260.000000,1260.000000,1260.000000,0
2020-10-16,1260.000000,1260.000000,1260.000000,1260.000000,1260.000000,100
2020-10-19,1260.000000,1260.000000,1260.000000,1260.000000,1260.000000,6900
2020-10-20,1210.000000,1210.000000,1210.000000,1210.000000,1210.000000,200
2020-10-21,1210.000000,1210.000000,1210.000000,1210.000000,1210.000000,500
2020-10-22,1210.000000,1210.000000,1210.000000,1210.000000,1210.000000,0
2020-10-23,1220.000000,1220.000000,1220.000000,1220.000000,1220.000000,400
2020-10-26,1220.000000,1220.000000,1220.000000,1220.000000,1220.000000,0
2020-10-27,1250.000000,1250.000000,1250.000000,1250.000000,1250.000000,1600
2020-11-02,1250.000000,1250.000000,1250.000000,1250.000000,1250.000000,200
2020-11-03,1250.000000,1250.000000,1250.000000,1250.000000,1250.000000,5000
2020-11-04,1250.000000,1250.000000,1250.000000,1250.000000,1250.000000,6100
2020-11-05,1250.000000,1300.000000,1250.000000,1300.000000,1300.000000,300
2020-11-06,1260.000000,1260.000000,1260.000000,1260.000000,1260.000000,5400
2020-11-09,1265.000000,1265.000000,1265.000000,1265.000000,1265.000000,200
2020-11-10,1265.000000,1275.000000,1265.000000,1265.000000,1265.000000,79200
2020-11-11,1265.000000,1265.000000,1265.000000,1265.000000,1265.000000,300
2020-11-12,1265.000000,1265.000000,1260.000000,1260.000000,1260.000000,1300
2020-11-13,1575.000000,1575.000000,1500.000000,1500.000000,1500.000000,900
2020-11-16,1500.000000,1500.000000,1395.000000,1480.000000,1480.000000,5000
2020-11-17,1480.000000,1480.000000,1380.000000,1400.000000,1400.000000,31100
2020-11-18,1400.000000,1400.000000,1305.000000,1305.000000,1305.000000,62500
2020-11-19,1300.000000,1390.000000,1300.000000,1300.000000,1300.000000,17400
2020-11-20,1310.000000,1390.000000,1300.000000,1325.000000,1325.000000,13400
2020-11-23,1325.000000,1325.000000,1305.000000,1325.000000,1325.000000,20700
2020-11-24,1325.000000,1395.000000,1325.000000,1350.000000,1350.000000,17700
2020-11-25,1350.000000,1350.000000,1305.000000,1350.000000,1350.000000,2300
2020-11-26,1350.000000,1360.000000,1340.000000,1360.000000,1360.000000,13200
2020-11-27,1365.000000,1370.000000,1365.000000,1370.000000,1370.000000,17900
2020-11-30,1370.000000,1370.000000,1355.000000,1355.000000,1355.000000,76700
2020-12-01,1375.000000,1375.000000,1375.000000,1375.000000,1375.000000,11700
2020-12-02,1380.000000,1420.000000,1375.000000,1375.000000,1375.000000,2000
2020-12-03,1420.000000,1420.000000,1420.000000,1420.000000,1420.000000,900
2020-12-04,1400.000000,1410.000000,1350.000000,1350.000000,1350.000000,2300
2020-12-07,1370.000000,1420.000000,1350.000000,1380.000000,1380.000000,12000
2020-12-08,1380.000000,1385.000000,1380.000000,1380.000000,1380.000000,23400
2020-12-10,1380.000000,1395.000000,1380.000000,1395.000000,1395.000000,10400
2020-12-11,1395.000000,1395.000000,1380.000000,1380.000000,1380.000000,7700
2020-12-14,1380.000000,1390.000000,1350.000000,1380.000000,1380.000000,11300
2020-12-15,1390.000000,1390.000000,1320.000000,1320.000000,1320.000000,52500
2020-12-16,1325.000000,1375.000000,1320.000000,1350.000000,1350.000000,32500
2020-12-17,1350.000000,1370.000000,1320.000000,1350.000000,1350.000000,6900
2020-12-18,1350.000000,1350.000000,1300.000000,1305.000000,1305.000000,2400
2020-12-21,1315.000000,1325.000000,1260.000000,1260.000000,1260.000000,32200
2020-12-22,1260.000000,1300.000000,1260.000000,1300.000000,1300.000000,26400
2020-12-23,1290.000000,1295.000000,1270.000000,1270.000000,1270.000000,6500
2020-12-28,1285.000000,1290.000000,1285.000000,1290.000000,1290.000000,400
2020-12-29,1310.000000,1350.000000,1310.000000,1345.000000,1345.000000,12900
2020-12-30,1345.000000,1355.000000,1345.000000,1355.000000,1355.000000,7200
2021-01-04,1355.000000,1355.000000,1300.000000,1300.000000,1300.000000,2900
2021-01-05,1305.000000,1305.000000,1300.000000,1300.000000,1300.000000,21700
2021-01-06,1300.000000,1350.000000,1300.000000,1350.000000,1350.000000,3400
2021-01-07,1350.000000,1350.000000,1270.000000,1305.000000,1305.000000,1800
2021-01-08,1305.000000,1390.000000,1300.000000,1390.000000,1390.000000,7100
2021-01-11,1390.000000,1390.000000,1295.000000,1295.000000,1295.000000,19100
2021-01-12,1300.000000,1310.000000,1295.000000,1295.000000,1295.000000,6200
2021-01-13,1295.000000,1420.000000,1295.000000,1380.000000,1380.000000,65500
2021-01-14,1375.000000,1375.000000,1300.000000,1325.000000,1325.000000,6800
2021-01-15,1285.000000,1300.000000,1285.000000,1290.000000,1290.000000,79400
2021-01-18,1290.000000,1290.000000,1290.000000,1290.000000,1290.000000,100
2021-01-19,1290.000000,1290.000000,1290.000000,1290.000000,1290.000000,200
2021-01-20,1265.000000,1330.000000,1265.000000,1330.000000,1330.000000,3100
2021-01-21,1265.000000,1330.000000,1265.000000,1330.000000,1330.000000,700
2021-01-22,1330.000000,1330.000000,1330.000000,1330.000000,1330.000000,19700
2021-01-25,1330.000000,1350.000000,1300.000000,1350.000000,1350.000000,13500
2021-01-26,1350.000000,1360.000000,1335.000000,1355.000000,1355.000000,117000
2021-01-27,1340.000000,1340.000000,1340.000000,1340.000000,1340.000000,1400
2021-01-28,1340.000000,1340.000000,1340.000000,1340.000000,1340.000000,300
2021-01-29,1340.000000,1340.000000,1335.000000,1335.000000,1335.000000,1100
2021-02-01,1335.000000,1340.000000,1335.000000,1335.000000,1335.000000,4700
2021-02-02,1335.000000,1350.000000,1335.000000,1340.000000,1340.000000,1500
2021-02-03,1340.000000,1340.000000,1340.000000,1340.000000,1340.000000,400
2021-02-04,1340.000000,1340.000000,1340.000000,1340.000000,1340.000000,200
2021-02-05,1340.000000,1340.000000,1340.000000,1340.000000,1340.000000,200
2021-02-08,1340.000000,1340.000000,1330.000000,1330.000000,1330.000000,500
2021-02-09,1290.000000,1290.000000,1290.000000,1290.000000,1290.000000,100
2021-02-10,1330.000000,1330.000000,1275.000000,1315.000000,1315.000000,6400
2021-02-11,1330.000000,1330.000000,1330.000000,1330.000000,1330.000000,100
2021-02-15,1350.000000,1350.000000,1325.000000,1350.000000,1350.000000,2200
2021-02-16,1350.000000,1350.000000,1330.000000,1330.000000,1330.000000,300
2021-02-17,1330.000000,1330.000000,1330.000000,1330.000000,1330.000000,100
2021-02-18,1300.000000,1330.000000,1300.000000,1330.000000,1330.000000,500
2021-02-19,1330.000000,1330.000000,1330.000000,1330.000000,1330.000000,0
2021-02-22,1330.000000,1330.000000,1330.000000,1330.000000,1330.000000,800
2021-02-23,1320.000000,1320.000000,1320.000000,1320.000000,1320.000000,600
2021-02-24,1320.000000,1340.000000,1310.000000,1310.000000,1310.000000,16100
2021-02-25,1310.000000,1325.000000,1270.000000,1315.000000,1315.000000,15800
2021-02-26,1280.000000,1280.000000,1280.000000,1280.000000,1280.000000,500
2021-03-01,1330.000000,1330.000000,1330.000000,1330.000000,1330.000000,88400
2021-03-02,1340.000000,1340.000000,1340.000000,1340.000000,1340.000000,900
2021-03-03,1340.000000,1470.000000,1330.000000,1470.000000,1470.000000,13100
2021-03-04,1470.000000,1480.000000,1370.000000,1370.000000,1370.000000,17400
2021-03-05,1370.000000,1440.000000,1275.000000,1400.000000,1400.000000,18300
2021-03-08,1400.000000,1400.000000,1400.000000,1400.000000,1400.000000,1400
2021-03-09,1400.000000,1400.000000,1400.000000,1400.000000,1400.000000,200
2021-03-10,1400.000000,1400.000000,1400.000000,1400.000000,1400.000000,0
2021-03-12,1400.000000,1400.000000,1400.000000,1400.000000,1400.000000,100
2021-03-15,1395.000000,1400.000000,1395.000000,1400.000000,1400.000000,200
2021-03-16,1400.000000,1400.000000,1400.000000,1400.000000,1400.000000,100
2021-03-17,1400.000000,1400.000000,1400.000000,1400.000000,1400.000000,6500
2021-03-18,1400.000000,1445.000000,1400.000000,1445.000000,1445.000000,200
2021-03-19,1430.000000,1435.000000,1425.000000,1425.000000,1425.000000,5200
2021-03-22,1425.000000,1425.000000,1425.000000,1425.000000,1425.000000,200
2021-03-23,1425.000000,1425.000000,1425.000000,1425.000000,1425.000000,0
2021-03-24,1425.000000,1450.000000,1370.000000,1425.000000,1425.000000,3500
2021-03-25,1350.000000,1350.000000,1330.000000,1330.000000,1330.000000,26100
2021-03-26,1300.000000,1330.000000,1300.000000,1330.000000,1330.000000,20300
2021-03-29,1330.000000,1330.000000,1330.000000,1330.000000,1330.000000,0
2021-03-30,1330.000000,1330.000000,1330.000000,1330.000000,1330.000000,0
2021-03-31,1330.000000,1460.000000,1330.000000,1455.000000,1455.000000,12500
2021-04-01,1450.000000,1450.000000,1445.000000,1445.000000,1445.000000,200
2021-04-05,1445.000000,1490.000000,1410.000000,1410.000000,1410.000000,900
2021-04-06,1340.000000,1340.000000,1340.000000,1340.000000,1340.000000,700
2021-04-07,1385.000000,1385.000000,1375.000000,1375.000000,1375.000000,300
2021-04-08,1375.000000,1375.000000,1375.000000,1375.000000,1375.000000,4800
2021-04-09,1375.000000,1375.000000,1375.000000,1375.000000,1375.000000,0
2021-04-12,1425.000000,1425.000000,1420.000000,1420.000000,1420.000000,700
2021-04-13,1440.000000,1480.000000,1440.000000,1460.000000,1460.000000,1900
2021-04-14,1460.000000,1460.000000,1370.000000,1415.000000,1415.000000,1100
2021-04-15,1370.000000,1420.000000,1320.000000,1420.000000,1420.000000,2400
2021-04-16,1420.000000,1420.000000,1385.000000,1385.000000,1385.000000,900
2021-04-19,1380.000000,1380.000000,1360.000000,1360.000000,1360.000000,400
2021-04-20,1360.000000,1360.000000,1360.000000,1360.000000,1360.000000,1000
2021-04-21,1360.000000,1360.000000,1360.000000,1360.000000,1360.000000,100
2021-04-22,1360.000000,1460.000000,1360.000000,1455.000000,1455.000000,5200
2021-04-23,1455.000000,1455.000000,1455.000000,1455.000000,1455.000000,0
2021-04-26,1450.000000,1450.000000,1355.000000,1435.000000,1435.000000,2800
2021-04-27,1425.000000,1425.000000,1425.000000,1425.000000,1425.000000,100
2021-04-28,1425.000000,1440.000000,1425.000000,1440.000000,1440.000000,300
2021-04-29,1440.000000,1440.000000,1440.000000,1440.000000,1440.000000,0
2021-04-30,1430.000000,1430.000000,1350.000000,1355.000000,1355.000000,8100
2021-05-03,1355.000000,1420.000000,1355.000000,1420.000000,1420.000000,200
2021-05-04,1420.000000,1420.000000,1420.000000,1420.000000,1420.000000,200
2021-05-05,1420.000000,1430.000000,1420.000000,1420.000000,1420.000000,300
2021-05-06,1425.000000,1430.000000,1420.000000,1420.000000,1420.000000,1100
2021-05-07,1420.000000,1420.000000,1420.000000,1420.000000,1420.000000,0
2021-05-10,1420.000000,1420.000000,1350.000000,1350.000000,1350.000000,1300
2021-05-11,1355.000000,1430.000000,1310.000000,1310.000000,1310.000000,4000
2021-05-17,1310.000000,1310.000000,1310.000000,1310.000000,1310.000000,400
2021-05-18,1310.000000,1310.000000,1310.000000,1310.000000,1310.000000,0
2021-05-19,1330.000000,1330.000000,1330.000000,1330.000000,1330.000000,100
2021-05-20,1380.000000,1470.000000,1380.000000,1450.000000,1450.000000,4500
2021-05-21,1430.000000,1430.000000,1350.000000,1400.000000,1400.000000,1100
2021-05-24,1390.000000,1390.000000,1320.000000,1325.000000,1325.000000,2100
2021-05-25,1325.000000,1435.000000,1325.000000,1435.000000,1435.000000,500
2021-05-27,1435.000000,1435.000000,1400.000000,1400.000000,1400.000000,3700
2021-05-28,1400.000000,1455.000000,1400.000000,1435.000000,1435.000000,800
2021-05-31,1440.000000,1450.000000,1395.000000,1395.000000,1395.000000,2100
2021-06-02,1405.000000,1405.000000,1405.000000,1405.000000,1405.000000,10900
2021-06-03,1400.000000,1440.000000,1400.000000,1400.000000,1400.000000,9500
2021-06-04,1400.000000,1480.000000,1355.000000,1355.000000,1355.000000,52700
2021-06-07,1355.000000,1365.000000,1355.000000,1365.000000,1365.000000,800
2021-06-08,1365.000000,1410.000000,1365.000000,1410.000000,1410.000000,10600
2021-06-09,1410.000000,1410.000000,1410.000000,1410.000000,1410.000000,100
2021-06-10,1410.000000,1410.000000,1360.000000,1360.000000,1360.000000,300
2021-06-11,1360.000000,1360.000000,1315.000000,1315.000000,1315.000000,1200
2021-06-14,1315.000000,1365.000000,1315.000000,1360.000000,1360.000000,1400
2021-06-15,1360.000000,1445.000000,1340.000000,1340.000000,1340.000000,400
2021-06-16,1340.000000,1340.000000,1330.000000,1340.000000,1340.000000,5200
2021-06-17,1340.000000,1340.000000,1340.000000,1340.000000,1340.000000,0
2021-06-18,1340.000000,1340.000000,1340.000000,1340.000000,1340.000000,0
2021-06-21,1340.000000,1380.000000,1340.000000,1380.000000,1380.000000,1100
2021-06-22,1310.000000,1310.000000,1310.000000,1310.000000,1310.000000,100
2021-06-23,1320.000000,1325.000000,1310.000000,1310.000000,1310.000000,26700
2021-06-24,1310.000000,1310.000000,1310.000000,1310.000000,1310.000000,0
2021-06-25,1320.000000,1320.000000,1320.000000,1320.000000,1320.000000,200
2021-06-28,1320.000000,1320.000000,1320.000000,1320.000000,1320.000000,400
2021-06-29,1320.000000,1320.000000,1315.000000,1315.000000,1315.000000,2800
2021-06-30,1315.000000,1315.000000,1315.000000,1315.000000,1315.000000,0
2021-07-01,1300.000000,1300.000000,1300.000000,1300.000000,1300.000000,600
2021-07-02,1300.000000,1300.000000,1300.000000,1300.000000,1300.000000,400
2021-07-05,1350.000000,1350.000000,1350.000000,1350.000000,1350.000000,600
2021-07-06,1345.000000,1350.000000,1260.000000,1345.000000,1345.000000,10700
2021-07-07,1345.000000,1345.000000,1345.000000,1345.000000,1345.000000,400
2021-07-08,1390.000000,1440.000000,1390.000000,1440.000000,1440.000000,300
2021-07-09,1435.000000,1435.000000,1435.000000,1435.000000,1435.000000,100
2021-07-12,1435.000000,1435.000000,1335.000000,1385.000000,1385.000000,5900
2021-07-13,1380.000000,1475.000000,1340.000000,1340.000000,1340.000000,800
2021-07-14,1300.000000,1300.000000,1285.000000,1285.000000,1285.000000,2800
2021-07-15,1290.000000,1290.000000,1285.000000,1285.000000,1285.000000,3700
2021-07-16,1285.000000,1285.000000,1285.000000,1285.000000,1285.000000,1000
2021-07-19,1285.000000,1285.000000,1285.000000,1285.000000,1285.000000,300
2021-07-21,1285.000000,1285.000000,1285.000000,1285.000000,1285.000000,2800
2021-07-22,1285.000000,1285.000000,1280.000000,1280.000000,1280.000000,13300
2021-07-23,1280.000000,1280.000000,1280.000000,1280.000000,1280.000000,0
2021-07-26,1285.000000,1285.000000,1285.000000,1285.000000,1285.000000,1800
2021-07-27,1400.000000,1400.000000,1400.000000,1400.000000,1400.000000,100
2021-07-28,1400.000000,1450.000000,1400.000000,1435.000000,1435.000000,1600
2021-07-29,1435.000000,1435.000000,1400.000000,1400.000000,1400.000000,500
2021-07-30,1400.000000,1400.000000,1400.000000,1400.000000,1400.000000,500
2021-08-02,1400.000000,1400.000000,1400.000000,1400.000000,1400.000000,200
2021-08-03,1395.000000,1395.000000,1395.000000,1395.000000,1395.000000,100
2021-08-04,1395.000000,1450.000000,1395.000000,1400.000000,1400.000000,32300
2021-08-05,1395.000000,1410.000000,1390.000000,1390.000000,1390.000000,2400
2021-08-06,1390.000000,1390.000000,1390.000000,1390.000000,1390.000000,0
2021-08-09,1340.000000,1340.000000,1295.000000,1295.000000,1295.000000,2500
2021-08-10,1345.000000,1445.000000,1305.000000,1395.000000,1395.000000,2700
2021-08-12,1390.000000,1450.000000,1350.000000,1400.000000,1400.000000,102700
2021-08-13,1400.000000,1450.000000,1400.000000,1450.000000,1450.000000,17000
2021-08-16,1455.000000,1455.000000,1450.000000,1450.000000,1450.000000,500
2021-08-18,1450.000000,1450.000000,1445.000000,1450.000000,1450.000000,77000
2021-08-19,1420.000000,1420.000000,1420.000000,1420.000000,1420.000000,300
2021-08-20,1420.000000,1420.000000,1420.000000,1420.000000,1420.000000,0
2021-08-23,1410.000000,1410.000000,1410.000000,1410.000000,1410.000000,300
2021-08-24,1470.000000,1570.000000,1425.000000,1570.000000,1570.000000,174600
2021-08-25,1600.000000,1900.000000,1560.000000,1750.000000,1750.000000,672300
2021-08-26,1790.000000,1800.000000,1650.000000,1670.000000,1670.000000,141500
2021-08-27,1670.000000,1700.000000,1670.000000,1675.000000,1675.000000,27100
2021-08-30,1685.000000,1685.000000,1650.000000,1670.000000,1670.000000,100800
2021-08-31,1670.000000,1670.000000,1645.000000,1645.000000,1645.000000,32900
2021-09-01,1645.000000,1655.000000,1640.000000,1640.000000,1640.000000,11300
2021-09-02,1645.000000,1645.000000,1550.000000,1550.000000,1550.000000,47000
2021-09-03,1550.000000,1550.000000,1525.000000,1525.000000,1525.000000,16000
2021-09-06,1525.000000,1525.000000,1480.000000,1480.000000,1480.000000,24700
2021-09-07,1480.000000,1480.000000,1420.000000,1425.000000,1425.000000,20100
2021-09-08,1425.000000,1450.000000,1425.000000,1450.000000,1450.000000,9800
2021-09-09,1425.000000,1450.000000,1425.000000,1450.000000,1450.000000,7600
2021-09-10,1450.000000,1455.000000,1420.000000,1455.000000,1455.000000,4900
2021-09-13,1460.000000,1700.000000,1460.000000,1600.000000,1600.000000,23100
2021-09-14,1600.000000,1600.000000,1505.000000,1505.000000,1505.000000,10200
2021-09-15,1520.000000,1525.000000,1520.000000,1520.000000,1520.000000,6900
2021-09-16,1520.000000,1530.000000,1520.000000,1530.000000,1530.000000,3000
2021-09-17,1550.000000,1565.000000,1550.000000,1565.000000,1565.000000,19800
2021-09-20,1565.000000,1565.000000,1550.000000,1555.000000,1555.000000,49600
2021-09-21,1550.000000,1555.000000,1550.000000,1555.000000,1555.000000,5800
2021-09-22,1560.000000,1660.000000,1560.000000,1660.000000,1660.000000,14900
2021-09-23,1660.000000,1660.000000,1585.000000,1645.000000,1645.000000,12500
2021-09-24,1645.000000,1700.000000,1600.000000,1600.000000,1600.000000,40200
2021-09-27,1600.000000,1600.000000,1550.000000,1550.000000,1550.000000,10500
2021-09-28,1560.000000,1740.000000,1550.000000,1740.000000,1740.000000,34300
2021-09-29,1740.000000,1800.000000,1700.000000,1700.000000,1700.000000,55400
2021-09-30,1700.000000,1700.000000,1650.000000,1690.000000,1690.000000,13600
2021-10-01,1690.000000,1700.000000,1690.000000,1690.000000,1690.000000,7400
2021-10-04,1690.000000,1700.000000,1680.000000,1695.000000,1695.000000,7200
2021-10-05,1680.000000,1695.000000,1680.000000,1680.000000,1680.000000,8700
2021-10-06,1695.000000,1695.000000,1680.000000,1695.000000,1695.000000,25800
2021-10-07,1695.000000,1695.000000,1650.000000,1650.000000,1650.000000,16000
2021-10-08,1650.000000,1650.000000,1610.000000,1610.000000,1610.000000,17200
2021-10-11,1610.000000,1610.000000,1610.000000,1610.000000,1610.000000,500
2021-10-12,1630.000000,1670.000000,1630.000000,1670.000000,1670.000000,1400
2021-10-13,1670.000000,1670.000000,1600.000000,1600.000000,1600.000000,23600
2021-10-14,1610.000000,1610.000000,1600.000000,1605.000000,1605.000000,8000
2021-10-15,1605.000000,1650.000000,1605.000000,1650.000000,1650.000000,9300
2021-10-18,1660.000000,1710.000000,1660.000000,1710.000000,1710.000000,29400
2021-10-19,1715.000000,1740.000000,1710.000000,1730.000000,1730.000000,28500
2021-10-21,1730.000000,1730.000000,1720.000000,1720.000000,1720.000000,13200
2021-10-22,1720.000000,1720.000000,1700.000000,1700.000000,1700.000000,2900
2021-10-25,1700.000000,1725.000000,1700.000000,1700.000000,1700.000000,8500
2021-10-26,1700.000000,1700.000000,1650.000000,1675.000000,1675.000000,15500
2021-10-27,1670.000000,1725.000000,1670.000000,1705.000000,1705.000000,3800
2021-10-28,1700.000000,1700.000000,1655.000000,1695.000000,1695.000000,4600
2021-10-29,1700.000000,1700.000000,1700.000000,1700.000000,1700.000000,2900
2021-11-01,1700.000000,1700.000000,1695.000000,1700.000000,1700.000000,12000
2021-11-02,1665.000000,1725.000000,1665.000000,1725.000000,1725.000000,12400
2021-11-03,1725.000000,1725.000000,1720.000000,1720.000000,1720.000000,2600
2021-11-04,1720.000000,1720.000000,1700.000000,1700.000000,1700.000000,2900
2021-11-05,1700.000000,1700.000000,1700.000000,1700.000000,1700.000000,38100
2021-11-08,1700.000000,1700.000000,1600.000000,1650.000000,1650.000000,44100
2021-11-09,1660.000000,1680.000000,1660.000000,1680.000000,1680.000000,3000
2021-11-10,1680.000000,1680.000000,1680.000000,1680.000000,1680.000000,600
2021-11-11,1630.000000,1670.000000,1630.000000,1670.000000,1670.000000,500
2021-11-12,1670.000000,1670.000000,1620.000000,1625.000000,1625.000000,11700
2021-11-15,1625.000000,1670.000000,1620.000000,1620.000000,1620.000000,1800
2021-11-16,1615.000000,1685.000000,1615.000000,1680.000000,1680.000000,2300
2021-11-17,1680.000000,1680.000000,1680.000000,1680.000000,1680.000000,4700
2021-11-18,1680.000000,1680.000000,1675.000000,1675.000000,1675.000000,2400
2021-11-19,1680.000000,1680.000000,1645.000000,1645.000000,1645.000000,3300
2021-11-22,1655.000000,1655.000000,1640.000000,1640.000000,1640.000000,1300
2021-11-23,1640.000000,1645.000000,1600.000000,1600.000000,1600.000000,12600
2021-11-24,1585.000000,1590.000000,1570.000000,1570.000000,1570.000000,9600
2021-11-25,1580.000000,1580.000000,1550.000000,1550.000000,1550.000000,22100
2021-11-26,1555.000000,1560.000000,1555.000000,1560.000000,1560.000000,2300
2021-11-29,1560.000000,1600.000000,1560.000000,1560.000000,1560.000000,3200
2021-11-30,1560.000000,1560.000000,1560.000000,1560.000000,1560.000000,600
2021-12-01,1560.000000,1700.000000,1555.000000,1700.000000,1700.000000,1300
2021-12-02,1700.000000,1700.000000,1700.000000,1700.000000,1700.000000,200
2021-12-03,1700.000000,1725.000000,1600.000000,1600.000000,1600.000000,4200
2021-12-06,1595.000000,1600.000000,1595.000000,1595.000000,1595.000000,2400
2021-12-07,1595.000000,1595.000000,1595.000000,1595.000000,1595.000000,11600
2021-12-08,1595.000000,1595.000000,1595.000000,1595.000000,1595.000000,900
2021-12-09,1595.000000,1595.000000,1575.000000,1575.000000,1575.000000,5500
2021-12-10,1575.000000,1575.000000,1575.000000,1575.000000,1575.000000,100
2021-12-13,1575.000000,1620.000000,1575.000000,1620.000000,1620.000000,2000
2021-12-14,1620.000000,1620.000000,1555.000000,1600.000000,1600.000000,1900
2021-12-15,1600.000000,1600.000000,1550.000000,1550.000000,1550.000000,300
2021-12-16,1600.000000,1600.000000,1545.000000,1595.000000,1595.000000,5900
2021-12-17,1595.000000,1595.000000,1595.000000,1595.000000,1595.000000,3100
2021-12-20,1595.000000,1595.000000,1595.000000,1595.000000,1595.000000,300
2021-12-21,1595.000000,1620.000000,1595.000000,1620.000000,1620.000000,1400
2021-12-22,1620.000000,1620.000000,1620.000000,1620.000000,1620.000000,100
2021-12-23,1620.000000,1620.000000,1620.000000,1620.000000,1620.000000,0
2021-12-24,1610.000000,1620.000000,1610.000000,1615.000000,1615.000000,2500
2021-12-27,1610.000000,1620.000000,1610.000000,1620.000000,1620.000000,7100
2021-12-28,1620.000000,1620.000000,1620.000000,1620.000000,1620.000000,0
2021-12-29,1620.000000,1700.000000,1620.000000,1700.000000,1700.000000,25400
2021-12-30,1600.000000,1610.000000,1600.000000,1610.000000,1610.000000,1700
2022-01-03,1590.000000,1630.000000,1590.000000,1600.000000,1600.000000,10600
2022-01-04,1600.000000,1600.000000,1590.000000,1590.000000,1590.000000,700
2022-01-05,1550.000000,1550.000000,1550.000000,1550.000000,1550.000000,600
2022-01-06,1555.000000,1615.000000,1555.000000,1600.000000,1600.000000,1100
2022-01-07,1600.000000,1605.000000,1600.000000,1605.000000,1605.000000,400
2022-01-10,1605.000000,1605.000000,1560.000000,1570.000000,1570.000000,1100
2022-01-11,1570.000000,1570.000000,1560.000000,1570.000000,1570.000000,1000
2022-01-12,1610.000000,1610.000000,1600.000000,1600.000000,1600.000000,800
2022-01-13,1600.000000,1600.000000,1600.000000,1600.000000,1600.000000,4300
2022-01-14,1600.000000,1600.000000,1590.000000,1590.000000,1590.000000,800
2022-01-17,1590.000000,1590.000000,1500.000000,1500.000000,1500.000000,700
2022-01-18,1500.000000,1510.000000,1455.000000,1500.000000,1500.000000,4600
2022-01-19,1500.000000,1500.000000,1500.000000,1500.000000,1500.000000,300
2022-01-20,1500.000000,1500.000000,1500.000000,1500.000000,1500.000000,800
2022-01-21,1500.000000,1500.000000,1500.000000,1500.000000,1500.000000,0
2022-01-24,1500.000000,1500.000000,1500.000000,1500.000000,1500.000000,100
2022-01-25,1500.000000,1500.000000,1500.000000,1500.000000,1500.000000,400
2022-01-26,1500.000000,1500.000000,1500.000000,1500.000000,1500.000000,300
2022-01-27,1500.000000,1615.000000,1500.000000,1615.000000,1615.000000,3200
2022-01-28,1610.000000,1610.000000,1605.000000,1605.000000,1605.000000,800
2022-01-31,1600.000000,1600.000000,1530.000000,1530.000000,1530.000000,400
2022-02-02,1530.000000,1530.000000,1530.000000,1530.000000,1530.000000,2700
2022-02-03,1560.000000,1560.000000,1550.000000,1560.000000,1560.000000,21300
2022-02-04,1560.000000,1560.000000,1555.000000,1555.000000,1555.000000,3700
2022-02-07,1555.000000,1590.000000,1555.000000,1590.000000,1590.000000,6900
2022-02-08,1550.000000,1585.000000,1530.000000,1585.000000,1585.000000,2000
2022-02-09,1585.000000,1590.000000,1585.000000,1590.000000,1590.000000,400
2022-02-10,1590.000000,1630.000000,1590.000000,1630.000000,1630.000000,4400
2022-02-11,1630.000000,1635.000000,1630.000000,1635.000000,1635.000000,800
2022-02-14,1635.000000,1635.000000,1630.000000,1630.000000,1630.000000,2500
2022-02-15,1550.000000,1550.000000,1530.000000,1530.000000,1530.000000,600
2022-02-16,1530.000000,1530.000000,1500.000000,1530.000000,1530.000000,7100
2022-02-17,1580.000000,1725.000000,1550.000000,1570.000000,1570.000000,27900
2022-02-18,1570.000000,1595.000000,1565.000000,1585.000000,1585.000000,2300
2022-02-21,1565.000000,1590.000000,1530.000000,1530.000000,1530.000000,3400
2022-02-22,1530.000000,1600.000000,1530.000000,1600.000000,1600.000000,1400
2022-02-23,1600.000000,1600.000000,1585.000000,1585.000000,1585.000000,1600
2022-02-24,1575.000000,1575.000000,1515.000000,1515.000000,1515.000000,4600
2022-02-25,1575.000000,1575.000000,1575.000000,1575.000000,1575.000000,2400
2022-03-01,1585.000000,1585.000000,1585.000000,1585.000000,1585.000000,400
2022-03-02,1585.000000,1585.000000,1585.000000,1585.000000,1585.000000,0
2022-03-04,1585.000000,1585.000000,1585.000000,1585.000000,1585.000000,700
2022-03-07,1535.000000,1535.000000,1525.000000,1525.000000,1525.000000,3200
2022-03-08,1525.000000,1525.000000,1525.000000,1525.000000,1525.000000,2200
2022-03-09,1525.000000,1550.000000,1525.000000,1550.000000,1550.000000,6100
2022-03-10,1550.000000,1570.000000,1550.000000,1555.000000,1555.000000,5800
2022-03-11,1555.000000,1555.000000,1550.000000,1550.000000,1550.000000,900
2022-03-14,1550.000000,1550.000000,1550.000000,1550.000000,1550.000000,0
2022-03-15,1515.000000,1515.000000,1500.000000,1500.000000,1500.000000,3700
2022-03-16,1500.000000,1500.000000,1500.000000,1500.000000,1500.000000,1600
2022-03-17,1450.000000,1575.000000,1400.000000,1570.000000,1570.000000,3800
2022-03-18,1570.000000,1570.000000,1550.000000,1550.000000,1550.000000,1700
2022-03-21,1550.000000,1580.000000,1550.000000,1580.000000,1580.000000,6200
2022-03-22,1580.000000,1580.000000,1575.000000,1575.000000,1575.000000,700
2022-03-23,1520.000000,1520.000000,1520.000000,1520.000000,1520.000000,2700
2022-03-24,1520.000000,1560.000000,1520.000000,1560.000000,1560.000000,11000
2022-03-25,1510.000000,1550.000000,1510.000000,1550.000000,1550.000000,2100
2022-03-28,1550.000000,1550.000000,1510.000000,1510.000000,1510.000000,1200
2022-03-29,1510.000000,1510.000000,1510.000000,1510.000000,1510.000000,500
2022-03-30,1510.000000,1560.000000,1510.000000,1560.000000,1560.000000,1700
2022-03-31,1560.000000,1560.000000,1560.000000,1560.000000,1560.000000,1300
2022-04-01,1560.000000,1560.000000,1560.000000,1560.000000,1560.000000,200
2022-04-04,1540.000000,1540.000000,1500.000000,1500.000000,1500.000000,1100
2022-04-05,1510.000000,1510.000000,1500.000000,1510.000000,1510.000000,2000
2022-04-06,1540.000000,1540.000000,1540.000000,1540.000000,1540.000000,2500
2022-04-07,1540.000000,1540.000000,1540.000000,1540.000000,1540.000000,100
2022-04-08,1535.000000,1565.000000,1535.000000,1565.000000,1565.000000,4400
2022-04-11,1565.000000,1650.000000,1550.000000,1600.000000,1600.000000,41600
2022-04-12,1600.000000,1600.000000,1600.000000,1600.000000,1600.000000,300
2022-04-13,1600.000000,1600.000000,1515.000000,1515.000000,1515.000000,1800
2022-04-14,1520.000000,1520.000000,1515.000000,1515.000000,1515.000000,1100
2022-04-18,1520.000000,1585.000000,1520.000000,1585.000000,1585.000000,2900
2022-04-19,1585.000000,1600.000000,1585.000000,1600.000000,1600.000000,6900
2022-04-20,1600.000000,1600.000000,1600.000000,1600.000000,1600.000000,700
2022-04-21,1595.000000,1595.000000,1595.000000,1595.000000,1595.000000,100
2022-04-22,1530.000000,1530.000000,1530.000000,1530.000000,1530.000000,100
2022-04-25,1535.000000,1535.000000,1530.000000,1530.000000,1530.000000,1700
2022-04-26,1530.000000,1580.000000,1525.000000,1525.000000,1525.000000,3900
2022-04-27,1525.000000,1530.000000,1525.000000,1530.000000,1530.000000,29700
2022-04-28,1520.000000,1530.000000,1520.000000,1530.000000,1530.000000,1200
2022-05-09,1525.000000,1550.000000,1515.000000,1515.000000,1515.000000,10800
2022-05-10,1515.000000,1550.000000,1515.000000,1515.000000,1515.000000,9200
2022-05-11,1515.000000,1530.000000,1515.000000,1530.000000,1530.000000,3900
2022-05-12,1530.000000,1530.000000,1530.000000,1530.000000,1530.000000,200
2022-05-13,1530.000000,1530.000000,1530.000000,1530.000000,1530.000000,900
2022-05-17,1525.000000,1525.000000,1525.000000,1525.000000,1525.000000,1700
2022-05-18,1525.000000,1535.000000,1525.000000,1535.000000,1535.000000,5800
2022-05-19,1550.000000,1550.000000,1550.000000,1550.000000,1550.000000,1300
2022-05-20,1550.000000,1550.000000,1550.000000,1550.000000,1550.000000,0
2022-05-23,1565.000000,1600.000000,1565.000000,1600.000000,1600.000000,19900
2022-05-24,1600.000000,1615.000000,1600.000000,1600.000000,1600.000000,9300
2022-05-25,1625.000000,1720.000000,1600.000000,1700.000000,1700.000000,26100
2022-05-27,1650.000000,1875.000000,1650.000000,1750.000000,1750.000000,7900
2022-05-30,1750.000000,1750.000000,1700.000000,1720.000000,1720.000000,13900
2022-05-31,1700.000000,1775.000000,1670.000000,1730.000000,1730.000000,6900
2022-06-02,1730.000000,1730.000000,1620.000000,1690.000000,1690.000000,10800
2022-06-03,1690.000000,1690.000000,1650.000000,1680.000000,1680.000000,1000
2022-06-06,1675.000000,1675.000000,1650.000000,1670.000000,1670.000000,1400
2022-06-07,1670.000000,1670.000000,1670.000000,1670.000000,1670.000000,100
2022-06-08,1660.000000,1660.000000,1655.000000,1655.000000,1655.000000,400
2022-06-09,1655.000000,1655.000000,1655.000000,1655.000000,1655.000000,4900
2022-06-10,1660.000000,1660.000000,1650.000000,1650.000000,1650.000000,800
2022-06-13,1650.000000,1705.000000,1635.000000,1635.000000,1635.000000,31700
2022-06-14,1635.000000,1635.000000,1635.000000,1635.000000,1635.000000,0
2022-06-15,1620.000000,1635.000000,1620.000000,1635.000000,1635.000000,6700
2022-06-16,1620.000000,1620.000000,1600.000000,1605.000000,1605.000000,1300
2022-06-17,1605.000000,1605.000000,1605.000000,1605.000000,1605.000000,0
2022-06-20,1605.000000,1605.000000,1605.000000,1605.000000,1605.000000,0
2022-06-21,1605.000000,1605.000000,1595.000000,1595.000000,1595.000000,400
2022-06-22,1585.000000,1585.000000,1585.000000,1585.000000,1585.000000,6100
2022-06-23,1585.000000,1585.000000,1585.000000,1585.000000,1585.000000,0
2022-06-24,1565.000000,1565.000000,1565.000000,1565.000000,1565.000000,5000
2022-06-27,1565.000000,1565.000000,1565.000000,1565.000000,1565.000000,800
2022-06-28,1560.000000,1560.000000,1560.000000,1560.000000,1560.000000,4900
2022-06-29,1570.000000,1575.000000,1530.000000,1575.000000,1575.000000,1700
2022-06-30,1575.000000,1575.000000,1575.000000,1575.000000,1575.000000,200
2022-07-01,1575.000000,1575.000000,1575.000000,1575.000000,1575.000000,100
2022-07-04,1530.000000,1545.000000,1530.000000,1545.000000,1545.000000,7900
2022-07-05,1530.000000,1530.000000,1530.000000,1530.000000,1530.000000,2600
2022-07-06,1530.000000,1545.000000,1530.000000,1545.000000,1545.000000,1600
2022-07-07,1545.000000,1545.000000,1530.000000,1540.000000,1540.000000,5300
2022-07-08,1540.000000,1555.000000,1540.000000,1555.000000,1555.000000,5200
2022-07-11,1545.000000,1555.000000,1545.000000,1555.000000,1555.000000,6900
2022-07-12,1555.000000,1555.000000,1550.000000,1550.000000,1550.000000,200
2022-07-13,1550.000000,1550.000000,1550.000000,1550.000000,1550.000000,100
2022-07-14,1540.000000,1545.000000,1540.000000,1545.000000,1545.000000,3400
2022-07-15,1545.000000,1545.000000,1545.000000,1545.000000,1545.000000,100
2022-07-18,1540.000000,1540.000000,1540.000000,1540.000000,1540.000000,700
2022-07-19,1545.000000,1550.000000,1540.000000,1545.000000,1545.000000,7700
2022-07-20,1530.000000,1530.000000,1525.000000,1530.000000,1530.000000,10900
2022-07-21,1530.000000,1530.000000,1530.000000,1530.000000,1530.000000,100
2022-07-22,1530.000000,1530.000000,1495.000000,1510.000000,1510.000000,5000
2022-07-25,1505.000000,1510.000000,1500.000000,1510.000000,1510.000000,2000
2022-07-26,1510.000000,1510.000000,1500.000000,1500.000000,1500.000000,28300
2022-07-27,1500.000000,1500.000000,1500.000000,1500.000000,1500.000000,1500
2022-07-28,1500.000000,1530.000000,1500.000000,1525.000000,1525.000000,5500
2022-07-29,1525.000000,1525.000000,1525.000000,1525.000000,1525.000000,100
2022-08-01,1530.000000,1530.000000,1530.000000,1530.000000,1530.000000,13200
2022-08-02,1500.000000,1535.000000,1500.000000,1535.000000,1535.000000,2500
2022-08-03,1520.000000,1520.000000,1520.000000,1520.000000,1520.000000,10000
2022-08-04,1500.000000,1510.000000,1500.000000,1510.000000,1510.000000,2900
2022-08-05,1520.000000,1520.000000,1520.000000,1520.000000,1520.000000,1600
2022-08-08,1565.000000,1570.000000,1520.000000,1560.000000,1560.000000,1500
2022-08-09,1560.000000,1570.000000,1510.000000,1510.000000,1510.000000,1800
2022-08-10,1550.000000,1600.000000,1550.000000,1595.000000,1595.000000,15200
2022-08-11,1595.000000,1595.000000,1575.000000,1575.000000,1575.000000,4200
2022-08-12,1575.000000,1575.000000,1550.000000,1550.000000,1550.000000,1700
2022-08-15,1575.000000,1575.000000,1510.000000,1510.000000,1510.000000,12300
2022-08-16,1500.000000,1515.000000,1500.000000,1515.000000,1515.000000,400
2022-08-18,1510.000000,1510.000000,1500.000000,1500.000000,1500.000000,4900
2022-08-19,1500.000000,1500.000000,1495.000000,1500.000000,1500.000000,298000
2022-08-22,1505.000000,1535.000000,1505.000000,1535.000000,1535.000000,4000
2022-08-23,1500.000000,1515.000000,1500.000000,1510.000000,1510.000000,10200
2022-08-24,1500.000000,1500.000000,1480.000000,1500.000000,1500.000000,4900
2022-08-25,1460.000000,1520.000000,1460.000000,1520.000000,1520.000000,3900
2022-08-26,1510.000000,1515.000000,1510.000000,1510.000000,1510.000000,3500
2022-08-29,1510.000000,1510.000000,1510.000000,1510.000000,1510.000000,100
2022-08-30,1525.000000,1525.000000,1510.000000,1515.000000,1515.000000,7700
2022-08-31,1525.000000,1525.000000,1500.000000,1500.000000,1500.000000,3300
2022-09-01,1500.000000,1500.000000,1500.000000,1500.000000,1500.000000,0
2022-09-02,1505.000000,1520.000000,1505.000000,1520.000000,1520.000000,1300
2022-09-05,1505.000000,1510.000000,1505.000000,1510.000000,1510.000000,2800
2022-09-06,1510.000000,1520.000000,1510.000000,1520.000000,1520.000000,300
2022-09-07,1525.000000,1535.000000,1525.000000,1535.000000,1535.000000,11500
2022-09-08,1535.000000,1535.000000,1535.000000,1535.000000,1535.000000,1600
2022-09-09,1535.000000,1535.000000,1535.000000,1535.000000,1535.000000,1200
2022-09-12,1535.000000,1550.000000,1535.000000,1550.000000,1550.000000,1700
2022-09-13,1560.000000,1560.000000,1530.000000,1530.000000,1530.000000,3500
2022-09-14,1530.000000,1530.000000,1530.000000,1530.000000,1530.000000,0
2022-09-15,1530.000000,1535.000000,1525.000000,1525.000000,1525.000000,20500
2022-09-16,1525.000000,1535.000000,1525.000000,1535.000000,1535.000000,4500
2022-09-19,1535.000000,1535.000000,1510.000000,1510.000000,1510.000000,179200
2022-09-20,1525.000000,1530.000000,1525.000000,1530.000000,1530.000000,15900
2022-09-21,1530.000000,1535.000000,1530.000000,1535.000000,1535.000000,1400
2022-09-22,1540.000000,1555.000000,1540.000000,1540.000000,1540.000000,500
2022-09-23,1540.000000,1540.000000,1540.000000,1540.000000,1540.000000,0
2022-09-26,1540.000000,1540.000000,1540.000000,1540.000000,1540.000000,8900
2022-09-27,1540.000000,1550.000000,1540.000000,1550.000000,1550.000000,5700
2022-09-28,1590.000000,1790.000000,1590.000000,1725.000000,1725.000000,236500
2022-09-29,1725.000000,2150.000000,1670.000000,1955.000000,1955.000000,305900
2022-09-30,1955.000000,2200.000000,1820.000000,1930.000000,1930.000000,68500
2022-10-03,1930.000000,2100.000000,1900.000000,1900.000000,1900.000000,38200
2022-10-04,1900.000000,2200.000000,1770.000000,1885.000000,1885.000000,69000
2022-10-05,1880.000000,1995.000000,1775.000000,1975.000000,1975.000000,36800
2022-10-06,1970.000000,1970.000000,1840.000000,1840.000000,1840.000000,44800
2022-10-07,1800.000000,1980.000000,1770.000000,1835.000000,1835.000000,66800
2022-10-10,1840.000000,1945.000000,1770.000000,1850.000000,1850.000000,16700
2022-10-11,1850.000000,1900.000000,1750.000000,1880.000000,1880.000000,22900
2022-10-12,1890.000000,1980.000000,1785.000000,1875.000000,1875.000000,25300
2022-10-13,1875.000000,1925.000000,1815.000000,1890.000000,1890.000000,9500
2022-10-14,1890.000000,1930.000000,1800.000000,1900.000000,1900.000000,13200
2022-10-17,1900.000000,1900.000000,1900.000000,1900.000000,1900.000000,0
2022-10-18,1870.000000,1870.000000,1770.000000,1865.000000,1865.000000,148000
2022-10-19,1855.000000,1960.000000,1780.000000,1935.000000,1935.000000,22100
2022-10-20,1920.000000,1935.000000,1800.000000,1895.000000,1895.000000,42500
2022-10-21,1895.000000,2200.000000,1895.000000,1950.000000,1950.000000,29200
2022-10-24,1900.000000,1945.000000,1815.000000,1900.000000,1900.000000,26200
2022-10-25,1890.000000,1890.000000,1770.000000,1800.000000,1800.000000,122200
2022-10-26,1800.000000,1845.000000,1720.000000,1720.000000,1720.000000,18000
2022-10-27,1725.000000,1800.000000,1690.000000,1790.000000,1790.000000,12900
2022-10-28,1745.000000,1745.000000,1705.000000,1705.000000,1705.000000,6900
2022-10-31,1740.000000,1740.000000,1705.000000,1705.000000,1705.000000,1000
2022-11-01,1750.000000,1800.000000,1750.000000,1780.000000,1780.000000,38700
2022-11-02,1800.000000,1890.000000,1800.000000,1800.000000,1800.000000,4000
2022-11-03,1800.000000,1800.000000,1800.000000,1800.000000,1800.000000,1300
2022-11-04,1800.000000,1800.000000,1760.000000,1760.000000,1760.000000,400
2022-11-07,1765.000000,1800.000000,1765.000000,1800.000000,1800.000000,8500
2022-11-08,1800.000000,1800.000000,1780.000000,1800.000000,1800.000000,28700
2022-11-09,1800.000000,1800.000000,1755.000000,1765.000000,1765.000000,8600
2022-11-10,1780.000000,1800.000000,1760.000000,1800.000000,1800.000000,7600
2022-11-11,1800.000000,1800.000000,1795.000000,1795.000000,1795.000000,16100
2022-11-14,1795.000000,1800.000000,1760.000000,1765.000000,1765.000000,62500
2022-11-15,1760.000000,1800.000000,1755.000000,1800.000000,1800.000000,8400
2022-11-16,1800.000000,1800.000000,1800.000000,1800.000000,1800.000000,1300
2022-11-17,1795.000000,1820.000000,1795.000000,1810.000000,1810.000000,21200
2022-11-18,1810.000000,1810.000000,1755.000000,1760.000000,1760.000000,10100
2022-11-21,1805.000000,1805.000000,1805.000000,1805.000000,1805.000000,6200
2022-11-22,1805.000000,1850.000000,1805.000000,1810.000000,1810.000000,11600
2022-11-23,1840.000000,1850.000000,1810.000000,1820.000000,1820.000000,152200
2022-11-24,1810.000000,1900.000000,1800.000000,1900.000000,1900.000000,51800
2022-11-25,1900.000000,1900.000000,1870.000000,1890.000000,1890.000000,7100
2022-11-28,1845.000000,1845.000000,1765.000000,1780.000000,1780.000000,21000
2022-11-29,1760.000000,1840.000000,1760.000000,1840.000000,1840.000000,19700
2022-11-30,1840.000000,1900.000000,1820.000000,1895.000000,1895.000000,19800
2022-12-01,1895.000000,1900.000000,1895.000000,1900.000000,1900.000000,21300
2022-12-02,1895.000000,1895.000000,1880.000000,1890.000000,1890.000000,27800
2022-12-05,1875.000000,1875.000000,1865.000000,1865.000000,1865.000000,1500
2022-12-06,1860.000000,1860.000000,1850.000000,1850.000000,1850.000000,17000
2022-12-07,1900.000000,1910.000000,1850.000000,1850.000000,1850.000000,19400
2022-12-08,1855.000000,1855.000000,1850.000000,1855.000000,1855.000000,28300
2022-12-09,1855.000000,1895.000000,1855.000000,1895.000000,1895.000000,3800
2022-12-12,1895.000000,1895.000000,1850.000000,1855.000000,1855.000000,28600
2022-12-13,1860.000000,1860.000000,1840.000000,1840.000000,1840.000000,65800
2022-12-14,1800.000000,1810.000000,1800.000000,1810.000000,1810.000000,45200
2022-12-15,1810.000000,1810.000000,1810.000000,1810.000000,1810.000000,0
2022-12-16,1830.000000,1830.000000,1830.000000,1830.000000,1830.000000,10000
2022-12-19,1865.000000,1870.000000,1800.000000,1800.000000,1800.000000,4400
2022-12-20,1800.000000,1855.000000,1790.000000,1855.000000,1855.000000,60000
2022-12-21,1880.000000,1890.000000,1840.000000,1840.000000,1840.000000,31400
2022-12-22,1850.000000,1850.000000,1850.000000,1850.000000,1850.000000,2000
2022-12-23,1850.000000,1950.000000,1835.000000,1835.000000,1835.000000,9400
2022-12-26,1800.000000,1835.000000,1800.000000,1830.000000,1830.000000,8100
2022-12-27,1860.000000,1860.000000,1820.000000,1855.000000,1855.000000,1300
2022-12-28,1845.000000,1900.000000,1755.000000,1785.000000,1785.000000,22500
2022-12-29,1880.000000,1880.000000,1880.000000,1880.000000,1880.000000,500
2022-12-30,1895.000000,1895.000000,1885.000000,1895.000000,1895.000000,2400
2023-01-02,1895.000000,1995.000000,1845.000000,1940.000000,1940.000000,7100
2023-01-03,1940.000000,2000.000000,1900.000000,1900.000000,1900.000000,73100
2023-01-04,1970.000000,1980.000000,1920.000000,1920.000000,1920.000000,8400
2023-01-05,1900.000000,1900.000000,1790.000000,1805.000000,1805.000000,46900
2023-01-06,1815.000000,2070.000000,1815.000000,1835.000000,1835.000000,2100
2023-01-09,1825.000000,1840.000000,1825.000000,1840.000000,1840.000000,97200
2023-01-10,1850.000000,1870.000000,1850.000000,1870.000000,1870.000000,17900
2023-01-11,1905.000000,1905.000000,1875.000000,1875.000000,1875.000000,27100
2023-01-12,1875.000000,1875.000000,1875.000000,1875.000000,1875.000000,13700
2023-01-13,1890.000000,1950.000000,1890.000000,1910.000000,1910.000000,42100
2023-01-16,1915.000000,2010.000000,1905.000000,2010.000000,2010.000000,109900
2023-01-17,2010.000000,2010.000000,2010.000000,2010.000000,2010.000000,42000
2023-01-18,2010.000000,2010.000000,1985.000000,1985.000000,1985.000000,34400
2023-01-19,1985.000000,1990.000000,1980.000000,1985.000000,1985.000000,64400
2023-01-20,1995.000000,2000.000000,1995.000000,2000.000000,2000.000000,96600
2023-01-24,1995.000000,2500.000000,1995.000000,2390.000000,2390.000000,172800
2023-01-25,2390.000000,2400.000000,2230.000000,2360.000000,2360.000000,95400
2023-01-26,2350.000000,2380.000000,2340.000000,2380.000000,2380.000000,86400
2023-01-27,2380.000000,2800.000000,2380.000000,2670.000000,2670.000000,127700
2023-01-30,2580.000000,2670.000000,2550.000000,2550.000000,2550.000000,76900
2023-01-31,2490.000000,2560.000000,2460.000000,2540.000000,2540.000000,15200
2023-02-01,2540.000000,2780.000000,2540.000000,2560.000000,2560.000000,55800
2023-02-02,2620.000000,2670.000000,2490.000000,2490.000000,2490.000000,63600
2023-02-03,2490.000000,2610.000000,2470.000000,2580.000000,2580.000000,44400
2023-02-06,2580.000000,2580.000000,2510.000000,2580.000000,2580.000000,3300
2023-02-07,2570.000000,2580.000000,2560.000000,2580.000000,2580.000000,38900
2023-02-08,2500.000000,2570.000000,2500.000000,2570.000000,2570.000000,24400
2023-02-09,2570.000000,2570.000000,2500.000000,2500.000000,2500.000000,38900
2023-02-10,2490.000000,2550.000000,2490.000000,2520.000000,2520.000000,18100
2023-02-13,2570.000000,2570.000000,2500.000000,2520.000000,2520.000000,25700
2023-02-14,2520.000000,2640.000000,2520.000000,2540.000000,2540.000000,2500
2023-02-15,2500.000000,2640.000000,2490.000000,2510.000000,2510.000000,26400
2023-02-16,2510.000000,2650.000000,2490.000000,2550.000000,2550.000000,1100
2023-02-17,2550.000000,2550.000000,2450.000000,2460.000000,2460.000000,20100
2023-02-20,2460.000000,2500.000000,2460.000000,2500.000000,2500.000000,1800
2023-02-21,2500.000000,2500.000000,2450.000000,2500.000000,2500.000000,4500
2023-02-22,2450.000000,2450.000000,2450.000000,2450.000000,2450.000000,1500
2023-02-23,2440.000000,2570.000000,2430.000000,2480.000000,2480.000000,2800
2023-02-24,2480.000000,2480.000000,2430.000000,2430.000000,2430.000000,10600
2023-02-27,2420.000000,2540.000000,2420.000000,2500.000000,2500.000000,14400
2023-02-28,2500.000000,2500.000000,2430.000000,2430.000000,2430.000000,51000
2023-03-01,2420.000000,2430.000000,2420.000000,2420.000000,2420.000000,41600
2023-03-02,2440.000000,2540.000000,2440.000000,2470.000000,2470.000000,9600
2023-03-03,2470.000000,2560.000000,2470.000000,2560.000000,2560.000000,77900
2023-03-06,2550.000000,2550.000000,2460.000000,2550.000000,2550.000000,9300
2023-03-07,2550.000000,2550.000000,2440.000000,2490.000000,2490.000000,4600
2023-03-08,2480.000000,2480.000000,2390.000000,2480.000000,2480.000000,9300
2023-03-09,2480.000000,2480.000000,2420.000000,2420.000000,2420.000000,4900
2023-03-10,2420.000000,2420.000000,2390.000000,2390.000000,2390.000000,2700
2023-03-13,2350.000000,2400.000000,2350.000000,2390.000000,2390.000000,27100
2023-03-14,2390.000000,2390.000000,2320.000000,2340.000000,2340.000000,21000
2023-03-15,2320.000000,2340.000000,2320.000000,2320.000000,2320.000000,2000
2023-03-16,2320.000000,2320.000000,2270.000000,2270.000000,2270.000000,17700
2023-03-17,2370.000000,2470.000000,2370.000000,2410.000000,2410.000000,2000
2023-03-20,2300.000000,2310.000000,2250.000000,2250.000000,2250.000000,33500
2023-03-21,2250.000000,2260.000000,2250.000000,2260.000000,2260.000000,400
2023-03-24,2260.000000,2390.000000,2160.000000,2380.000000,2380.000000,3200
2023-03-27,2380.000000,2380.000000,2290.000000,2290.000000,2290.000000,2000
2023-03-28,2310.000000,2310.000000,2290.000000,2310.000000,2310.000000,900
2023-03-29,2310.000000,2310.000000,2310.000000,2310.000000,2310.000000,100
2023-03-30,2310.000000,2310.000000,2310.000000,2310.000000,2310.000000,21000
2023-03-31,2310.000000,2380.000000,2310.000000,2340.000000,2340.000000,5700
2023-04-03,2360.000000,2360.000000,2360.000000,2360.000000,2360.000000,2000
2023-04-04,2360.000000,2360.000000,2310.000000,2350.000000,2350.000000,2500
2023-04-05,2350.000000,2530.000000,2300.000000,2350.000000,2350.000000,10300
2023-04-06,2280.000000,2280.000000,2280.000000,2280.000000,2280.000000,100
2023-04-10,2270.000000,2270.000000,2250.000000,2250.000000,2250.000000,800
2023-04-11,2290.000000,2290.000000,2200.000000,2280.000000,2280.000000,26800
2023-04-12,2280.000000,2480.000000,2280.000000,2320.000000,2320.000000,3100
2023-04-13,2320.000000,2350.000000,2270.000000,2330.000000,2330.000000,700
2023-04-14,2350.000000,2350.000000,2330.000000,2330.000000,2330.000000,1000
2023-04-17,2330.000000,2330.000000,2250.000000,2250.000000,2250.000000,200
2023-04-18,2250.000000,2450.000000,2150.000000,2450.000000,2450.000000,35600
2023-04-26,2440.000000,2440.000000,2300.000000,2390.000000,2390.000000,2500
2023-04-27,2350.000000,2350.000000,2300.000000,2350.000000,2350.000000,6700
2023-04-28,2250.000000,2330.000000,2250.000000,2330.000000,2330.000000,9300
2023-05-02,2210.000000,2270.000000,2210.000000,2270.000000,2270.000000,1100
2023-05-03,2270.000000,2270.000000,2190.000000,2190.000000,2190.000000,500
2023-05-04,2210.000000,2290.000000,2190.000000,2190.000000,2190.000000,24100
2023-05-05,2210.000000,2220.000000,2210.000000,2220.000000,2220.000000,700
2023-05-08,2260.000000,2270.000000,2260.000000,2270.000000,2270.000000,400
2023-05-09,2270.000000,2270.000000,2200.000000,2270.000000,2270.000000,2600
2023-05-10,2200.000000,2220.000000,2120.000000,2160.000000,2160.000000,6100
2023-05-11,2160.000000,2470.000000,2160.000000,2250.000000,2250.000000,31900
2023-05-12,2260.000000,2470.000000,2200.000000,2250.000000,2250.000000,18700
2023-05-15,2350.000000,2560.000000,2250.000000,2480.000000,2480.000000,64700
2023-05-16,2480.000000,2480.000000,2310.000000,2310.000000,2310.000000,17000
2023-05-17,2460.000000,2470.000000,2330.000000,2330.000000,2330.000000,40100
2023-05-19,2430.000000,2460.000000,2270.000000,2310.000000,2310.000000,40400
2023-05-22,2410.000000,2460.000000,2250.000000,2280.000000,2280.000000,24000
2023-05-23,2360.000000,2450.000000,2200.000000,2240.000000,2240.000000,63200
2023-05-24,2250.000000,2300.000000,2220.000000,2300.000000,2300.000000,17200
2023-05-25,2300.000000,2340.000000,2220.000000,2220.000000,2220.000000,13000
2023-05-26,2220.000000,2270.000000,2220.000000,2270.000000,2270.000000,14800
2023-05-29,2260.000000,2340.000000,2260.000000,2260.000000,2260.000000,3700
2023-05-30,2360.000000,2380.000000,2260.000000,2260.000000,2260.000000,7000
2023-05-31,2250.000000,2260.000000,2140.000000,2250.000000,2250.000000,36300
2023-06-05,2220.000000,2250.000000,2200.000000,2220.000000,2220.000000,7600
2023-06-06,2220.000000,2220.000000,2220.000000,2220.000000,2220.000000,6800
2023-06-07,2200.000000,2240.000000,2190.000000,2200.000000,2200.000000,21200
2023-06-08,2210.000000,2300.000000,2210.000000,2220.000000,2220.000000,4200
2023-06-09,2220.000000,2220.000000,2220.000000,2220.000000,2220.000000,4600
2023-06-12,2230.000000,2240.000000,2190.000000,2220.000000,2220.000000,1800
2023-06-13,2240.000000,2270.000000,2190.000000,2210.000000,2210.000000,5400
2023-06-14,2210.000000,2370.000000,2210.000000,2210.000000,2210.000000,4800
2023-06-15,2150.000000,2190.000000,2100.000000,2180.000000,2180.000000,3300
2023-06-16,2180.000000,2200.000000,2180.000000,2200.000000,2200.000000,7700
2023-06-19,2210.000000,2290.000000,2200.000000,2200.000000,2200.000000,13800
2023-06-20,2100.000000,2200.000000,2100.000000,2200.000000,2200.000000,5500
2023-06-21,2080.000000,2160.000000,2080.000000,2150.000000,2150.000000,7500
2023-06-22,2130.000000,2170.000000,2130.000000,2170.000000,2170.000000,26100
2023-06-23,2170.000000,2170.000000,2170.000000,2170.000000,2170.000000,0
2023-06-26,2170.000000,2220.000000,2000.000000,2150.000000,2150.000000,4100
2023-06-27,2150.000000,2150.000000,2030.000000,2130.000000,2130.000000,13600
2023-07-03,2150.000000,2550.000000,2030.000000,2090.000000,2090.000000,112500
2023-07-04,2060.000000,2100.000000,2010.000000,2080.000000,2080.000000,36500
2023-07-05,2080.000000,2080.000000,2040.000000,2080.000000,2080.000000,11700
2023-07-06,2010.000000,2080.000000,2010.000000,2080.000000,2080.000000,18300
2023-07-07,2080.000000,2080.000000,2030.000000,2040.000000,2040.000000,8700
2023-07-10,2090.000000,2090.000000,2050.000000,2090.000000,2090.000000,10800
2023-07-11,2090.000000,2090.000000,2070.000000,2070.000000,2070.000000,9800
2023-07-12,2070.000000,2130.000000,2030.000000,2100.000000,2100.000000,125000
2023-07-13,2100.000000,2190.000000,2060.000000,2070.000000,2070.000000,37200
2023-07-14,2100.000000,2130.000000,2080.000000,2130.000000,2130.000000,103900
2023-07-17,2130.000000,2130.000000,2030.000000,2030.000000,2030.000000,97800
2023-07-18,2040.000000,2060.000000,2040.000000,2060.000000,2060.000000,18200
2023-07-20,2030.000000,2050.000000,2010.000000,2050.000000,2050.000000,143000
2023-07-21,2030.000000,2050.000000,2020.000000,2040.000000,2040.000000,20200
2023-07-24,2100.000000,2100.000000,2060.000000,2100.000000,2100.000000,22100
2023-07-25,2020.000000,2130.000000,2020.000000,2050.000000,2050.000000,9800
2023-07-26,2050.000000,2050.000000,2020.000000,2020.000000,2020.000000,9000
2023-07-27,2030.000000,2170.000000,2030.000000,2070.000000,2070.000000,25700
2023-07-28,2130.000000,2130.000000,2040.000000,2050.000000,2050.000000,15700
2023-07-31,2140.000000,2150.000000,2070.000000,2070.000000,2070.000000,14400
2023-08-01,2050.000000,2080.000000,2050.000000,2080.000000,2080.000000,12700
2023-08-02,2090.000000,2090.000000,2050.000000,2090.000000,2090.000000,16400
2023-08-03,2040.000000,2090.000000,2040.000000,2090.000000,2090.000000,9900
2023-08-04,2050.000000,2110.000000,2030.000000,2030.000000,2030.000000,800
2023-08-07,2070.000000,2070.000000,2050.000000,2060.000000,2060.000000,1400
2023-08-08,2090.000000,2090.000000,2010.000000,2020.000000,2020.000000,45300
2023-08-09,2060.000000,2060.000000,2030.000000,2050.000000,2050.000000,4800
2023-08-10,2100.000000,2150.000000,2070.000000,2150.000000,2150.000000,48400
2023-08-11,2150.000000,2150.000000,2110.000000,2140.000000,2140.000000,12700
2023-08-14,2110.000000,2220.000000,2110.000000,2190.000000,2190.000000,119600
2023-08-15,2190.000000,2240.000000,2180.000000,2180.000000,2180.000000,11900
2023-08-16,2180.000000,2180.000000,2160.000000,2160.000000,2160.000000,13100
2023-08-18,2240.000000,2300.000000,2200.000000,2230.000000,2230.000000,33900
2023-08-21,2230.000000,2230.000000,2080.000000,2130.000000,2130.000000,13700
2023-08-22,2200.000000,2210.000000,2100.000000,2110.000000,2110.000000,74400
2023-08-23,2130.000000,2200.000000,2120.000000,2120.000000,2120.000000,6800
2023-08-24,2120.000000,2120.000000,2120.000000,2120.000000,2120.000000,0
2023-08-25,2100.000000,2120.000000,2080.000000,2100.000000,2100.000000,10100
2023-08-28,2170.000000,2200.000000,2100.000000,2100.000000,2100.000000,5600
2023-08-29,2100.000000,2120.000000,2100.000000,2120.000000,2120.000000,1800
2023-08-30,2120.000000,2120.000000,2080.000000,2090.000000,2090.000000,2600
2023-08-31,2180.000000,2190.000000,2140.000000,2140.000000,2140.000000,18700
2023-09-01,2100.000000,2140.000000,2100.000000,2140.000000,2140.000000,2500
2023-09-04,2140.000000,2140.000000,2080.000000,2100.000000,2100.000000,13200
2023-09-05,2190.000000,2190.000000,2090.000000,2090.000000,2090.000000,6100
2023-09-06,2100.000000,2100.000000,2090.000000,2090.000000,2090.000000,600
2023-09-07,2090.000000,2090.000000,2090.000000,2090.000000,2090.000000,4000
2023-09-08,2100.000000,2100.000000,2100.000000,2100.000000,2100.000000,500
2023-09-11,2120.000000,2150.000000,2120.000000,2150.000000,2150.000000,500
2023-09-12,2150.000000,2170.000000,2080.000000,2150.000000,2150.000000,3400
2023-09-13,2150.000000,2150.000000,2150.000000,2150.000000,2150.000000,100
2023-09-14,2150.000000,2150.000000,2100.000000,2120.000000,2120.000000,1200
2023-09-15,2100.000000,2100.000000,2090.000000,2100.000000,2100.000000,5300
2023-09-18,2100.000000,2100.000000,2080.000000,2080.000000,2080.000000,5000
2023-09-19,2080.000000,2080.000000,2070.000000,2080.000000,2080.000000,10300
2023-09-20,2080.000000,2100.000000,2080.000000,2090.000000,2090.000000,43800
2023-09-21,2070.000000,2110.000000,2050.000000,2100.000000,2100.000000,11200
2023-09-22,2100.000000,2100.000000,2100.000000,2100.000000,2100.000000,0
2023-09-25,2100.000000,2100.000000,2000.000000,2020.000000,2020.000000,24900
2023-09-26,2020.000000,2100.000000,2010.000000,2090.000000,2090.000000,5400
2023-09-27,2090.000000,2100.000000,2080.000000,2100.000000,2100.000000,700
2023-09-29,2030.000000,2150.000000,2030.000000,2120.000000,2120.000000,4000
2023-10-02,2100.000000,2100.000000,2040.000000,2040.000000,2040.000000,3800
2023-10-03,2050.000000,2080.000000,2050.000000,2050.000000,2050.000000,400
2023-10-04,2050.000000,2050.000000,1980.000000,2000.000000,2000.000000,24000
2023-10-05,2000.000000,2000.000000,1995.000000,2000.000000,2000.000000,1600
2023-10-06,2000.000000,2060.000000,2000.000000,2040.000000,2040.000000,23000
2023-10-09,2040.000000,2040.000000,2040.000000,2040.000000,2040.000000,100
2023-10-10,2090.000000,2100.000000,2030.000000,2030.000000,2030.000000,5300
2023-10-11,2020.000000,2020.000000,2000.000000,2000.000000,2000.000000,1000
2023-10-12,2000.000000,2000.000000,1950.000000,1965.000000,1965.000000,10200
2023-10-13,2000.000000,2000.000000,1950.000000,1990.000000,1990.000000,1300
2023-10-16,1990.000000,1995.000000,1985.000000,1985.000000,1985.000000,71300
2023-10-17,2000.000000,2000.000000,1905.000000,1905.000000,1905.000000,10500
2023-10-18,1905.000000,1950.000000,1905.000000,1950.000000,1950.000000,1200
2023-10-19,1950.000000,1950.000000,1950.000000,1950.000000,1950.000000,400
2023-10-20,1930.000000,1960.000000,1930.000000,1960.000000,1960.000000,200
2023-10-23,2000.000000,2100.000000,1965.000000,1965.000000,1965.000000,1300
2023-10-24,1965.000000,1965.000000,1965.000000,1965.000000,1965.000000,400
2023-10-25,1970.000000,1970.000000,1970.000000,1970.000000,1970.000000,1300
2023-10-26,1955.000000,1955.000000,1950.000000,1950.000000,1950.000000,14100
2023-10-27,1950.000000,1950.000000,1920.000000,1950.000000,1950.000000,27000
2023-10-30,1950.000000,1950.000000,1915.000000,1915.000000,1915.000000,59300
2023-10-31,1915.000000,1970.000000,1880.000000,1970.000000,1970.000000,50600
2023-11-01,1970.000000,1970.000000,1800.000000,1800.000000,1800.000000,3000
2023-11-02,1820.000000,1860.000000,1820.000000,1860.000000,1860.000000,200
2023-11-03,1905.000000,1915.000000,1855.000000,1860.000000,1860.000000,11000
2023-11-06,1860.000000,1950.000000,1860.000000,1950.000000,1950.000000,1500
2023-11-07,1950.000000,1990.000000,1950.000000,1990.000000,1990.000000,7200
2023-11-08,1990.000000,1990.000000,1990.000000,1990.000000,1990.000000,0
2023-11-09,1990.000000,1990.000000,1990.000000,1990.000000,1990.000000,0
2023-11-10,1990.000000,1990.000000,1990.000000,1990.000000,1990.000000,0
2023-11-13,1980.000000,1985.000000,1930.000000,1935.000000,1935.000000,2100
2023-11-14,1985.000000,1985.000000,1985.000000,1985.000000,1985.000000,100
2023-11-15,1985.000000,1985.000000,1985.000000,1985.000000,1985.000000,500
2023-11-16,1985.000000,1985.000000,1985.000000,1985.000000,1985.000000,500
2023-11-17,1985.000000,1985.000000,1985.000000,1985.000000,1985.000000,0
2023-11-20,1865.000000,2100.000000,1800.000000,2090.000000,2090.000000,76100
2023-11-21,1995.000000,2060.000000,1810.000000,1970.000000,1970.000000,158300
2023-11-22,1970.000000,2050.000000,1875.000000,1900.000000,1900.000000,62200
2023-11-23,2050.000000,2050.000000,1900.000000,1900.000000,1900.000000,6300
2023-11-24,1900.000000,1955.000000,1900.000000,1955.000000,1955.000000,4500
2023-11-27,1955.000000,1955.000000,1900.000000,1900.000000,1900.000000,20300
2023-11-28,1950.000000,1950.000000,1900.000000,1910.000000,1910.000000,113200
2023-11-29,1950.000000,1955.000000,1910.000000,1910.000000,1910.000000,18200
2023-11-30,1950.000000,1950.000000,1910.000000,1915.000000,1915.000000,300
2023-12-01,1945.000000,1950.000000,1945.000000,1945.000000,1945.000000,1500
2023-12-04,1910.000000,1970.000000,1905.000000,1965.000000,1965.000000,3100
2023-12-05,1965.000000,1965.000000,1965.000000,1965.000000,1965.000000,300
2023-12-06,1945.000000,1970.000000,1945.000000,1970.000000,1970.000000,426400
2023-12-07,1905.000000,1905.000000,1905.000000,1905.000000,1905.000000,900
2023-12-08,1905.000000,1905.000000,1905.000000,1905.000000,1905.000000,0
2023-12-11,1915.000000,1970.000000,1915.000000,1970.000000,1970.000000,1400
2023-12-12,1985.000000,2020.000000,1985.000000,2020.000000,2020.000000,300
2023-12-13,1930.000000,1930.000000,1930.000000,1930.000000,1930.000000,100
2023-12-14,1990.000000,2000.000000,1980.000000,1980.000000,1980.000000,3500
2023-12-15,1980.000000,1990.000000,1980.000000,1990.000000,1990.000000,1900
2023-12-18,1990.000000,1990.000000,1940.000000,1990.000000,1990.000000,3100
2023-12-19,1990.000000,1990.000000,1990.000000,1990.000000,1990.000000,1200
2023-12-20,1990.000000,1990.000000,1990.000000,1990.000000,1990.000000,500
2023-12-21,1990.000000,1990.000000,1990.000000,1990.000000,1990.000000,100
2023-12-22,1990.000000,1990.000000,1990.000000,1990.000000,1990.000000,1200
2023-12-27,1985.000000,1985.000000,1935.000000,1935.000000,1935.000000,600
2023-12-28,1950.000000,1950.000000,1950.000000,1950.000000,1950.000000,12400
2023-12-29,2000.000000,2000.000000,1940.000000,1940.000000,1940.000000,700
2024-01-02,1940.000000,2050.000000,1930.000000,2050.000000,2050.000000,19700
2024-01-03,2000.000000,2050.000000,2000.000000,2000.000000,2000.000000,1700
2024-01-04,1950.000000,1965.000000,1950.000000,1965.000000,1965.000000,8100
2024-01-05,1935.000000,1940.000000,1935.000000,1935.000000,1935.000000,700
2024-01-08,1935.000000,2010.000000,1935.000000,1995.000000,1995.000000,4000
2024-01-09,1985.000000,1995.000000,1985.000000,1995.000000,1995.000000,4900
2024-01-10,1995.000000,1995.000000,1995.000000,1995.000000,1995.000000,100
2024-01-11,1990.000000,1995.000000,1965.000000,1965.000000,1965.000000,1200
2024-01-12,1965.000000,1995.000000,1935.000000,1995.000000,1995.000000,2300
2024-01-15,1935.000000,1950.000000,1930.000000,1945.000000,1945.000000,2500
2024-01-16,1990.000000,1990.000000,1985.000000,1990.000000,1990.000000,3100
2024-01-17,1945.000000,1990.000000,1945.000000,1990.000000,1990.000000,500
2024-01-18,1990.000000,1990.000000,1990.000000,1990.000000,1990.000000,3700
2024-01-19,1990.000000,1990.000000,1990.000000,1990.000000,1990.000000,100
2024-01-22,1950.000000,2000.000000,1950.000000,2000.000000,2000.000000,700
2024-01-23,2000.000000,2010.000000,1945.000000,2010.000000,2010.000000,900
2024-01-24,1945.000000,2000.000000,1945.000000,2000.000000,2000.000000,1100
2024-01-25,2000.000000,2000.000000,2000.000000,2000.000000,2000.000000,0
2024-01-26,2000.000000,2000.000000,1935.000000,2000.000000,2000.000000,1700
2024-01-29,2000.000000,2000.000000,2000.000000,2000.000000,2000.000000,100
2024-01-30,2000.000000,2000.000000,2000.000000,2000.000000,2000.000000,600
2024-01-31,1980.000000,1995.000000,1980.000000,1995.000000,1995.000000,2000
2024-02-01,1995.000000,1995.000000,1995.000000,1995.000000,1995.000000,1600
2024-02-02,1995.000000,1995.000000,1995.000000,1995.000000,1995.000000,1500
2024-02-05,1995.000000,1995.000000,1920.000000,1920.000000,1920.000000,105300
2024-02-06,1950.000000,2370.000000,1900.000000,1925.000000,1925.000000,265600
2024-02-07,1915.000000,2000.000000,1905.000000,1905.000000,1905.000000,3800
2024-02-12,1965.000000,1965.000000,1965.000000,1965.000000,1965.000000,1900
2024-02-13,1965.000000,1990.000000,1965.000000,1990.000000,1990.000000,300
2024-02-15,1970.000000,1975.000000,1970.000000,1975.000000,1975.000000,1600
2024-02-16,1975.000000,1975.000000,1895.000000,1970.000000,1970.000000,3000
2024-02-19,1970.000000,1975.000000,1970.000000,1975.000000,1975.000000,1500
2024-02-20,1975.000000,1975.000000,1975.000000,1975.000000,1975.000000,1100
2024-02-21,1975.000000,1975.000000,1975.000000,1975.000000,1975.000000,0
2024-02-22,1975.000000,1975.000000,1925.000000,1955.000000,1955.000000,1700
2024-02-23,1955.000000,1975.000000,1950.000000,1950.000000,1950.000000,1000
2024-02-26,1975.000000,1975.000000,1920.000000,1950.000000,1950.000000,1500
2024-02-27,1950.000000,1950.000000,1950.000000,1950.000000,1950.000000,100
2024-02-28,1950.000000,1950.000000,1915.000000,1915.000000,1915.000000,2300
2024-02-29,1915.000000,1975.000000,1915.000000,1975.000000,1975.000000,1100
2024-03-01,1970.000000,1975.000000,1920.000000,1975.000000,1975.000000,20500
2024-03-04,1975.000000,1975.000000,1925.000000,1925.000000,1925.000000,6900
2024-03-05,1925.000000,1965.000000,1925.000000,1965.000000,1965.000000,3100
2024-03-06,1965.000000,1965.000000,1965.000000,1965.000000,1965.000000,0
2024-03-07,1965.000000,1965.000000,1965.000000,1965.000000,1965.000000,600
2024-03-08,1965.000000,1965.000000,1965.000000,1965.000000,1965.000000,1100
2024-03-13,1930.000000,1930.000000,1930.000000,1930.000000,1930.000000,800
2024-03-14,1925.000000,1975.000000,1905.000000,1905.000000,1905.000000,19200
2024-03-15,1995.000000,2050.000000,1955.000000,1955.000000,1955.000000,20200
2024-03-18,1915.000000,1930.000000,1915.000000,1920.000000,1920.000000,56800
2024-03-19,1970.000000,1970.000000,1910.000000,1910.000000,1910.000000,52500
2024-03-20,1950.000000,1950.000000,1910.000000,1925.000000,1925.000000,1400
2024-03-21,1925.000000,1960.000000,1910.000000,1955.000000,1955.000000,4300
2024-03-22,1905.000000,2070.000000,1905.000000,2070.000000,2070.000000,9000
2024-03-25,1970.000000,1970.000000,1925.000000,1960.000000,1960.000000,900
2024-03-26,1975.000000,1975.000000,1965.000000,1970.000000,1970.000000,700
2024-03-27,1985.000000,2000.000000,1985.000000,1995.000000,1995.000000,600
2024-03-28,1910.000000,1970.000000,1905.000000,1905.000000,1905.000000,4900
2024-04-01,1955.000000,1965.000000,1905.000000,1935.000000,1935.000000,2000
2024-04-02,1965.000000,1965.000000,1935.000000,1935.000000,1935.000000,500
2024-04-03,1910.000000,1910.000000,1910.000000,1910.000000,1910.000000,86800
2024-04-04,1945.000000,1950.000000,1905.000000,1905.000000,1905.000000,3100
2024-04-05,1960.000000,1960.000000,1905.000000,1925.000000,1925.000000,700
2024-04-16,1925.000000,1960.000000,1925.000000,1930.000000,1930.000000,1200
2024-04-17,1930.000000,1930.000000,1930.000000,1930.000000,1930.000000,0
2024-04-18,1900.000000,1900.000000,1900.000000,1900.000000,1900.000000,200
2024-04-19,1950.000000,1950.000000,1900.000000,1900.000000,1900.000000,400
2024-04-22,1940.000000,1940.000000,1940.000000,1940.000000,1940.000000,200
2024-04-23,1940.000000,1940.000000,1940.000000,1940.000000,1940.000000,0
2024-04-24,1940.000000,1940.000000,1940.000000,1940.000000,1940.000000,0
2024-04-25,1960.000000,1960.000000,1945.000000,1945.000000,1945.000000,200
2024-04-26,1910.000000,1940.000000,1910.000000,1940.000000,1940.000000,200
2024-04-29,1905.000000,1960.000000,1900.000000,1950.000000,1950.000000,2700
2024-04-30,1975.000000,1980.000000,1975.000000,1980.000000,1980.000000,400
2024-05-02,1870.000000,1940.000000,1870.000000,1940.000000,1940.000000,800
2024-05-03,1890.000000,1930.000000,1890.000000,1930.000000,1930.000000,1000
2024-05-06,1930.000000,1930.000000,1885.000000,1915.000000,1915.000000,2400
2024-05-07,1915.000000,1915.000000,1915.000000,1915.000000,1915.000000,0
2024-05-08,1925.000000,1925.000000,1870.000000,1870.000000,1870.000000,300
2024-05-13,1850.000000,1900.000000,1850.000000,1855.000000,1855.000000,1100
2024-05-14,1900.000000,1900.000000,1890.000000,1900.000000,1900.000000,20900
2024-05-15,1850.000000,1920.000000,1850.000000,1920.000000,1920.000000,1100
2024-05-16,1925.000000,1945.000000,1900.000000,1900.000000,1900.000000,6300
2024-05-17,1930.000000,1930.000000,1930.000000,1930.000000,1930.000000,100
2024-05-20,1940.000000,1940.000000,1940.000000,1940.000000,1940.000000,200
2024-05-21,1940.000000,1940.000000,1940.000000,1940.000000,1940.000000,0
2024-05-22,1925.000000,1925.000000,1925.000000,1925.000000,1925.000000,400
2024-05-27,1940.000000,1940.000000,1940.000000,1940.000000,1940.000000,200
2024-05-28,1940.000000,1940.000000,1940.000000,1940.000000,1940.000000,0
2024-05-29,1940.000000,1940.000000,1940.000000,1940.000000,1940.000000,0
2024-05-30,1940.000000,1940.000000,1940.000000,1940.000000,1940.000000,0
2024-05-31,1935.000000,1935.000000,1935.000000,1935.000000,1935.000000,100
2024-06-03,1935.000000,1935.000000,1935.000000,1935.000000,1935.000000,0
2024-06-04,1935.000000,1935.000000,1935.000000,1935.000000,1935.000000,100